env,episode,model,success,steps,reward,buffer_size,history_window,tokens,time,most_used_template,learned_templates_count,total_templates
MiniGrid-Empty-8x8-v0,0,Qwen/Qwen2.5-3B-Instruct,True,11,0.961328125,2,0,23,2.392591714859009,Direct Navigation,0,2
MiniGrid-Empty-8x8-v0,1,Qwen/Qwen2.5-3B-Instruct,True,11,0.961328125,2,0,23,0.7800836563110352,Direct Navigation,0,2
MiniGrid-Empty-8x8-v0,2,Qwen/Qwen2.5-3B-Instruct,True,11,0.961328125,2,0,23,0.7785170078277588,Direct Navigation,0,2
MiniGrid-Empty-8x8-v0,3,Qwen/Qwen2.5-3B-Instruct,True,11,0.961328125,2,0,23,0.7841331958770752,Direct Navigation,0,2
MiniGrid-Empty-8x8-v0,4,Qwen/Qwen2.5-3B-Instruct,True,11,0.961328125,2,0,23,0.759591817855835,Direct Navigation,0,2
MiniGrid-Empty-8x8-v0,5,Qwen/Qwen2.5-3B-Instruct,True,11,0.961328125,2,0,23,0.752547025680542,Direct Navigation,0,2
MiniGrid-Empty-8x8-v0,6,Qwen/Qwen2.5-3B-Instruct,True,11,0.961328125,2,0,23,0.7524797916412354,Direct Navigation,0,2
MiniGrid-Empty-8x8-v0,7,Qwen/Qwen2.5-3B-Instruct,True,11,0.961328125,2,0,23,0.7471606731414795,Direct Navigation,0,2
MiniGrid-Empty-8x8-v0,8,Qwen/Qwen2.5-3B-Instruct,True,11,0.961328125,2,0,23,0.7342333793640137,Direct Navigation,0,2
MiniGrid-Empty-8x8-v0,9,Qwen/Qwen2.5-3B-Instruct,True,11,0.961328125,2,0,23,0.7595334053039551,Direct Navigation,0,2
MiniGrid-Empty-8x8-v0,0,Qwen/Qwen2.5-3B-Instruct,True,11,0.961328125,2,1,23,0.761420726776123,Direct Navigation,0,2
MiniGrid-Empty-8x8-v0,1,Qwen/Qwen2.5-3B-Instruct,True,11,0.961328125,2,1,23,0.7836380004882812,Direct Navigation,0,2
MiniGrid-Empty-8x8-v0,2,Qwen/Qwen2.5-3B-Instruct,True,11,0.961328125,2,1,23,0.7527568340301514,Direct Navigation,0,2
MiniGrid-Empty-8x8-v0,3,Qwen/Qwen2.5-3B-Instruct,True,11,0.961328125,2,1,23,0.7494590282440186,Direct Navigation,0,2
MiniGrid-Empty-8x8-v0,4,Qwen/Qwen2.5-3B-Instruct,True,11,0.961328125,2,1,23,0.7337663173675537,Direct Navigation,0,2
MiniGrid-Empty-8x8-v0,5,Qwen/Qwen2.5-3B-Instruct,True,11,0.961328125,2,1,23,0.7527801990509033,Direct Navigation,0,2
MiniGrid-Empty-8x8-v0,6,Qwen/Qwen2.5-3B-Instruct,True,11,0.961328125,2,1,23,0.7452895641326904,Direct Navigation,0,2
MiniGrid-Empty-8x8-v0,7,Qwen/Qwen2.5-3B-Instruct,True,11,0.961328125,2,1,23,0.7363202571868896,Direct Navigation,0,2
MiniGrid-Empty-8x8-v0,8,Qwen/Qwen2.5-3B-Instruct,True,11,0.961328125,2,1,23,0.7325162887573242,Direct Navigation,0,2
MiniGrid-Empty-8x8-v0,9,Qwen/Qwen2.5-3B-Instruct,True,11,0.961328125,2,1,23,0.7284784317016602,Direct Navigation,0,2
MiniGrid-Empty-8x8-v0,0,Qwen/Qwen2.5-3B-Instruct,True,11,0.961328125,2,2,23,0.7430086135864258,Direct Navigation,0,2
MiniGrid-Empty-8x8-v0,1,Qwen/Qwen2.5-3B-Instruct,True,11,0.961328125,2,2,23,0.74117112159729,Direct Navigation,0,2
MiniGrid-Empty-8x8-v0,2,Qwen/Qwen2.5-3B-Instruct,True,11,0.961328125,2,2,23,0.7376053333282471,Direct Navigation,0,2
MiniGrid-Empty-8x8-v0,3,Qwen/Qwen2.5-3B-Instruct,True,11,0.961328125,2,2,23,0.7338590621948242,Direct Navigation,0,2
MiniGrid-Empty-8x8-v0,4,Qwen/Qwen2.5-3B-Instruct,True,11,0.961328125,2,2,23,0.7327389717102051,Direct Navigation,0,2
MiniGrid-Empty-8x8-v0,5,Qwen/Qwen2.5-3B-Instruct,True,11,0.961328125,2,2,23,0.7324531078338623,Direct Navigation,0,2
MiniGrid-Empty-8x8-v0,6,Qwen/Qwen2.5-3B-Instruct,True,11,0.961328125,2,2,23,0.7354578971862793,Direct Navigation,0,2
MiniGrid-Empty-8x8-v0,7,Qwen/Qwen2.5-3B-Instruct,True,11,0.961328125,2,2,23,0.7353062629699707,Direct Navigation,0,2
MiniGrid-Empty-8x8-v0,8,Qwen/Qwen2.5-3B-Instruct,True,11,0.961328125,2,2,23,0.7385818958282471,Direct Navigation,0,2
MiniGrid-Empty-8x8-v0,9,Qwen/Qwen2.5-3B-Instruct,True,11,0.961328125,2,2,23,0.7513861656188965,Direct Navigation,0,2
MiniGrid-Empty-8x8-v0,0,Qwen/Qwen2.5-3B-Instruct,True,11,0.961328125,3,0,23,0.7443914413452148,Direct Navigation,0,3
MiniGrid-Empty-8x8-v0,1,Qwen/Qwen2.5-3B-Instruct,True,11,0.961328125,3,0,23,0.742591381072998,Direct Navigation,0,3
MiniGrid-Empty-8x8-v0,2,Qwen/Qwen2.5-3B-Instruct,True,11,0.961328125,3,0,23,0.7387723922729492,Direct Navigation,0,3
MiniGrid-Empty-8x8-v0,3,Qwen/Qwen2.5-3B-Instruct,True,11,0.961328125,3,0,23,0.7642979621887207,Direct Navigation,0,3
MiniGrid-Empty-8x8-v0,4,Qwen/Qwen2.5-3B-Instruct,True,11,0.961328125,3,0,23,0.7407417297363281,Direct Navigation,0,3
MiniGrid-Empty-8x8-v0,5,Qwen/Qwen2.5-3B-Instruct,True,11,0.961328125,3,0,23,0.7407402992248535,Direct Navigation,0,3
MiniGrid-Empty-8x8-v0,6,Qwen/Qwen2.5-3B-Instruct,True,11,0.961328125,3,0,23,0.7582521438598633,Direct Navigation,0,3
MiniGrid-Empty-8x8-v0,7,Qwen/Qwen2.5-3B-Instruct,True,11,0.961328125,3,0,23,0.7481558322906494,Direct Navigation,0,3
MiniGrid-Empty-8x8-v0,8,Qwen/Qwen2.5-3B-Instruct,True,11,0.961328125,3,0,23,0.7429380416870117,Direct Navigation,0,3
MiniGrid-Empty-8x8-v0,9,Qwen/Qwen2.5-3B-Instruct,True,11,0.961328125,3,0,23,0.74420166015625,Direct Navigation,0,3
MiniGrid-Empty-8x8-v0,0,Qwen/Qwen2.5-3B-Instruct,True,11,0.961328125,3,1,23,0.736771821975708,Direct Navigation,0,3
MiniGrid-Empty-8x8-v0,1,Qwen/Qwen2.5-3B-Instruct,True,11,0.961328125,3,1,23,0.7336544990539551,Direct Navigation,0,3
MiniGrid-Empty-8x8-v0,2,Qwen/Qwen2.5-3B-Instruct,True,11,0.961328125,3,1,23,0.7395431995391846,Direct Navigation,0,3
MiniGrid-Empty-8x8-v0,3,Qwen/Qwen2.5-3B-Instruct,True,11,0.961328125,3,1,23,0.7282953262329102,Direct Navigation,0,3
MiniGrid-Empty-8x8-v0,4,Qwen/Qwen2.5-3B-Instruct,True,11,0.961328125,3,1,23,0.7234985828399658,Direct Navigation,0,3
MiniGrid-Empty-8x8-v0,5,Qwen/Qwen2.5-3B-Instruct,True,11,0.961328125,3,1,23,0.7240939140319824,Direct Navigation,0,3
MiniGrid-Empty-8x8-v0,6,Qwen/Qwen2.5-3B-Instruct,True,11,0.961328125,3,1,23,0.7314646244049072,Direct Navigation,0,3
MiniGrid-Empty-8x8-v0,7,Qwen/Qwen2.5-3B-Instruct,True,11,0.961328125,3,1,23,0.7254390716552734,Direct Navigation,0,3
MiniGrid-Empty-8x8-v0,8,Qwen/Qwen2.5-3B-Instruct,True,11,0.961328125,3,1,23,0.7244110107421875,Direct Navigation,0,3
MiniGrid-Empty-8x8-v0,9,Qwen/Qwen2.5-3B-Instruct,True,11,0.961328125,3,1,23,0.7262182235717773,Direct Navigation,0,3
MiniGrid-Empty-8x8-v0,0,Qwen/Qwen2.5-3B-Instruct,True,11,0.961328125,3,2,23,0.739060640335083,Direct Navigation,0,3
MiniGrid-Empty-8x8-v0,1,Qwen/Qwen2.5-3B-Instruct,True,11,0.961328125,3,2,23,0.7349224090576172,Direct Navigation,0,3
MiniGrid-Empty-8x8-v0,2,Qwen/Qwen2.5-3B-Instruct,True,11,0.961328125,3,2,23,0.736283540725708,Direct Navigation,0,3
MiniGrid-Empty-8x8-v0,3,Qwen/Qwen2.5-3B-Instruct,True,11,0.961328125,3,2,23,0.7299923896789551,Direct Navigation,0,3
MiniGrid-Empty-8x8-v0,4,Qwen/Qwen2.5-3B-Instruct,True,11,0.961328125,3,2,23,0.7286102771759033,Direct Navigation,0,3
MiniGrid-Empty-8x8-v0,5,Qwen/Qwen2.5-3B-Instruct,True,11,0.961328125,3,2,23,0.7292327880859375,Direct Navigation,0,3
MiniGrid-Empty-8x8-v0,6,Qwen/Qwen2.5-3B-Instruct,True,11,0.961328125,3,2,23,0.7418105602264404,Direct Navigation,0,3
MiniGrid-Empty-8x8-v0,7,Qwen/Qwen2.5-3B-Instruct,True,11,0.961328125,3,2,23,0.7248373031616211,Direct Navigation,0,3
MiniGrid-Empty-8x8-v0,8,Qwen/Qwen2.5-3B-Instruct,True,11,0.961328125,3,2,23,0.7287895679473877,Direct Navigation,0,3
MiniGrid-Empty-8x8-v0,9,Qwen/Qwen2.5-3B-Instruct,True,11,0.961328125,3,2,23,0.7243514060974121,Direct Navigation,0,3
MiniGrid-Empty-8x8-v0,0,Qwen/Qwen2.5-3B-Instruct,True,11,0.961328125,5,0,23,0.7397356033325195,Direct Navigation,0,5
MiniGrid-Empty-8x8-v0,1,Qwen/Qwen2.5-3B-Instruct,True,11,0.961328125,5,0,23,0.7305729389190674,Direct Navigation,0,5
MiniGrid-Empty-8x8-v0,2,Qwen/Qwen2.5-3B-Instruct,True,11,0.961328125,5,0,23,0.7287728786468506,Direct Navigation,0,5
MiniGrid-Empty-8x8-v0,3,Qwen/Qwen2.5-3B-Instruct,True,11,0.961328125,5,0,23,0.7335162162780762,Direct Navigation,0,5
MiniGrid-Empty-8x8-v0,4,Qwen/Qwen2.5-3B-Instruct,True,11,0.961328125,5,0,23,0.7390289306640625,Direct Navigation,0,5
MiniGrid-Empty-8x8-v0,5,Qwen/Qwen2.5-3B-Instruct,True,11,0.961328125,5,0,23,0.7282726764678955,Direct Navigation,0,5
MiniGrid-Empty-8x8-v0,6,Qwen/Qwen2.5-3B-Instruct,True,11,0.961328125,5,0,23,0.7239747047424316,Direct Navigation,0,5
MiniGrid-Empty-8x8-v0,7,Qwen/Qwen2.5-3B-Instruct,True,11,0.961328125,5,0,23,0.7279629707336426,Direct Navigation,0,5
MiniGrid-Empty-8x8-v0,8,Qwen/Qwen2.5-3B-Instruct,True,11,0.961328125,5,0,23,0.7251403331756592,Direct Navigation,0,5
MiniGrid-Empty-8x8-v0,9,Qwen/Qwen2.5-3B-Instruct,True,11,0.961328125,5,0,23,0.7295622825622559,Direct Navigation,0,5
MiniGrid-Empty-8x8-v0,0,Qwen/Qwen2.5-3B-Instruct,True,11,0.961328125,5,1,23,0.7271091938018799,Direct Navigation,0,5
MiniGrid-Empty-8x8-v0,1,Qwen/Qwen2.5-3B-Instruct,True,11,0.961328125,5,1,23,0.7275009155273438,Direct Navigation,0,5
MiniGrid-Empty-8x8-v0,2,Qwen/Qwen2.5-3B-Instruct,True,11,0.961328125,5,1,23,0.724848747253418,Direct Navigation,0,5
MiniGrid-Empty-8x8-v0,3,Qwen/Qwen2.5-3B-Instruct,True,11,0.961328125,5,1,23,0.7287964820861816,Direct Navigation,0,5
MiniGrid-Empty-8x8-v0,4,Qwen/Qwen2.5-3B-Instruct,True,11,0.961328125,5,1,23,0.7253844738006592,Direct Navigation,0,5
MiniGrid-Empty-8x8-v0,5,Qwen/Qwen2.5-3B-Instruct,True,11,0.961328125,5,1,23,0.7327649593353271,Direct Navigation,0,5
MiniGrid-Empty-8x8-v0,6,Qwen/Qwen2.5-3B-Instruct,True,11,0.961328125,5,1,23,0.7229998111724854,Direct Navigation,0,5
MiniGrid-Empty-8x8-v0,7,Qwen/Qwen2.5-3B-Instruct,True,11,0.961328125,5,1,23,0.7239813804626465,Direct Navigation,0,5
MiniGrid-Empty-8x8-v0,8,Qwen/Qwen2.5-3B-Instruct,True,11,0.961328125,5,1,23,0.7265009880065918,Direct Navigation,0,5
MiniGrid-Empty-8x8-v0,9,Qwen/Qwen2.5-3B-Instruct,True,11,0.961328125,5,1,23,0.7333250045776367,Direct Navigation,0,5
MiniGrid-Empty-8x8-v0,0,Qwen/Qwen2.5-3B-Instruct,True,11,0.961328125,5,2,23,0.7347772121429443,Direct Navigation,0,5
MiniGrid-Empty-8x8-v0,1,Qwen/Qwen2.5-3B-Instruct,True,11,0.961328125,5,2,23,0.7314155101776123,Direct Navigation,0,5
MiniGrid-Empty-8x8-v0,2,Qwen/Qwen2.5-3B-Instruct,True,11,0.961328125,5,2,23,0.7310791015625,Direct Navigation,0,5
MiniGrid-Empty-8x8-v0,3,Qwen/Qwen2.5-3B-Instruct,True,11,0.961328125,5,2,23,0.7260253429412842,Direct Navigation,0,5
MiniGrid-Empty-8x8-v0,4,Qwen/Qwen2.5-3B-Instruct,True,11,0.961328125,5,2,23,0.7301957607269287,Direct Navigation,0,5
MiniGrid-Empty-8x8-v0,5,Qwen/Qwen2.5-3B-Instruct,True,11,0.961328125,5,2,23,0.7267765998840332,Direct Navigation,0,5
MiniGrid-Empty-8x8-v0,6,Qwen/Qwen2.5-3B-Instruct,True,11,0.961328125,5,2,23,0.7263357639312744,Direct Navigation,0,5
MiniGrid-Empty-8x8-v0,7,Qwen/Qwen2.5-3B-Instruct,True,11,0.961328125,5,2,23,0.7270081043243408,Direct Navigation,0,5
MiniGrid-Empty-8x8-v0,8,Qwen/Qwen2.5-3B-Instruct,True,11,0.961328125,5,2,23,0.7257959842681885,Direct Navigation,0,5
MiniGrid-Empty-8x8-v0,9,Qwen/Qwen2.5-3B-Instruct,True,11,0.961328125,5,2,23,0.7300355434417725,Direct Navigation,0,5
MiniGrid-LavaGapS6-v0,0,Qwen/Qwen2.5-3B-Instruct,False,100,0.0,2,0,300,20.952314853668213,Obstacle Avoidance,0,2
MiniGrid-LavaGapS6-v0,1,Qwen/Qwen2.5-3B-Instruct,False,100,0.0,2,0,292,20.195194482803345,Direct Navigation,0,2
MiniGrid-LavaGapS6-v0,2,Qwen/Qwen2.5-3B-Instruct,False,100,0.0,2,0,300,20.49675226211548,Obstacle Avoidance,0,2
MiniGrid-LavaGapS6-v0,3,Qwen/Qwen2.5-3B-Instruct,False,100,0.0,2,0,300,20.552014112472534,Obstacle Avoidance,0,2
MiniGrid-LavaGapS6-v0,4,Qwen/Qwen2.5-3B-Instruct,False,100,0.0,2,0,299,20.339813232421875,Obstacle Avoidance,0,2
MiniGrid-LavaGapS6-v0,5,Qwen/Qwen2.5-3B-Instruct,False,100,0.0,2,0,286,20.040967226028442,Obstacle Avoidance,0,2
MiniGrid-LavaGapS6-v0,6,Qwen/Qwen2.5-3B-Instruct,False,100,0.0,2,0,300,20.5010347366333,Obstacle Avoidance,0,2
MiniGrid-LavaGapS6-v0,7,Qwen/Qwen2.5-3B-Instruct,False,100,0.0,2,0,300,20.542547464370728,Obstacle Avoidance,0,2
MiniGrid-LavaGapS6-v0,8,Qwen/Qwen2.5-3B-Instruct,False,100,0.0,2,0,299,20.41765260696411,Obstacle Avoidance,0,2
MiniGrid-LavaGapS6-v0,9,Qwen/Qwen2.5-3B-Instruct,False,100,0.0,2,0,300,20.49715757369995,Obstacle Avoidance,0,2
MiniGrid-LavaGapS6-v0,0,Qwen/Qwen2.5-3B-Instruct,False,100,0.0,2,1,300,9.5515615940094,Obstacle Avoidance,0,2
MiniGrid-LavaGapS6-v0,1,Qwen/Qwen2.5-3B-Instruct,False,100,0.0,2,1,300,9.463131427764893,Obstacle Avoidance,0,2
MiniGrid-LavaGapS6-v0,2,Qwen/Qwen2.5-3B-Instruct,False,100,0.0,2,1,299,9.405805349349976,Obstacle Avoidance,0,2
MiniGrid-LavaGapS6-v0,3,Qwen/Qwen2.5-3B-Instruct,False,100,0.0,2,1,300,9.485511064529419,Obstacle Avoidance,0,2
MiniGrid-LavaGapS6-v0,4,Qwen/Qwen2.5-3B-Instruct,False,100,0.0,2,1,300,9.511474132537842,Obstacle Avoidance,0,2
MiniGrid-LavaGapS6-v0,5,Qwen/Qwen2.5-3B-Instruct,False,100,0.0,2,1,300,9.613315343856812,Obstacle Avoidance,0,2
MiniGrid-LavaGapS6-v0,6,Qwen/Qwen2.5-3B-Instruct,False,100,0.0,2,1,300,9.678321123123169,Obstacle Avoidance,0,2
MiniGrid-LavaGapS6-v0,7,Qwen/Qwen2.5-3B-Instruct,False,100,0.0,2,1,300,9.619938611984253,Obstacle Avoidance,0,2
MiniGrid-LavaGapS6-v0,8,Qwen/Qwen2.5-3B-Instruct,False,100,0.0,2,1,300,9.612383842468262,Obstacle Avoidance,0,2
MiniGrid-LavaGapS6-v0,9,Qwen/Qwen2.5-3B-Instruct,False,100,0.0,2,1,300,9.587946891784668,Obstacle Avoidance,0,2
MiniGrid-LavaGapS6-v0,0,Qwen/Qwen2.5-3B-Instruct,False,100,0.0,2,2,300,9.603681087493896,Obstacle Avoidance,0,2
MiniGrid-LavaGapS6-v0,1,Qwen/Qwen2.5-3B-Instruct,False,100,0.0,2,2,300,9.54617166519165,Obstacle Avoidance,0,2
MiniGrid-LavaGapS6-v0,2,Qwen/Qwen2.5-3B-Instruct,False,100,0.0,2,2,300,9.446228504180908,Obstacle Avoidance,0,2
MiniGrid-LavaGapS6-v0,3,Qwen/Qwen2.5-3B-Instruct,False,100,0.0,2,2,300,9.494700908660889,Obstacle Avoidance,0,2
MiniGrid-LavaGapS6-v0,4,Qwen/Qwen2.5-3B-Instruct,False,100,0.0,2,2,300,9.487955331802368,Obstacle Avoidance,0,2
MiniGrid-LavaGapS6-v0,5,Qwen/Qwen2.5-3B-Instruct,False,100,0.0,2,2,300,9.476570129394531,Obstacle Avoidance,0,2
MiniGrid-LavaGapS6-v0,6,Qwen/Qwen2.5-3B-Instruct,False,100,0.0,2,2,300,9.484386444091797,Obstacle Avoidance,0,2
MiniGrid-LavaGapS6-v0,7,Qwen/Qwen2.5-3B-Instruct,False,100,0.0,2,2,300,9.498272895812988,Obstacle Avoidance,0,2
MiniGrid-LavaGapS6-v0,8,Qwen/Qwen2.5-3B-Instruct,False,100,0.0,2,2,300,9.614704847335815,Obstacle Avoidance,0,2
MiniGrid-LavaGapS6-v0,9,Qwen/Qwen2.5-3B-Instruct,False,100,0.0,2,2,300,9.826116800308228,Obstacle Avoidance,0,2
MiniGrid-LavaGapS6-v0,0,Qwen/Qwen2.5-3B-Instruct,False,100,0.0,3,0,300,20.65261220932007,Obstacle Avoidance,0,3
MiniGrid-LavaGapS6-v0,1,Qwen/Qwen2.5-3B-Instruct,False,100,0.0,3,0,300,20.65002965927124,Obstacle Avoidance,0,3
MiniGrid-LavaGapS6-v0,2,Qwen/Qwen2.5-3B-Instruct,False,100,0.0,3,0,300,20.539950370788574,Obstacle Avoidance,0,3
MiniGrid-LavaGapS6-v0,3,Qwen/Qwen2.5-3B-Instruct,False,100,0.0,3,0,300,20.46504497528076,Obstacle Avoidance,0,3
MiniGrid-LavaGapS6-v0,4,Qwen/Qwen2.5-3B-Instruct,False,100,0.0,3,0,299,20.378811359405518,Obstacle Avoidance,0,3
MiniGrid-LavaGapS6-v0,5,Qwen/Qwen2.5-3B-Instruct,False,100,0.0,3,0,286,19.96115207672119,Obstacle Avoidance,0,3
MiniGrid-LavaGapS6-v0,6,Qwen/Qwen2.5-3B-Instruct,False,100,0.0,3,0,300,20.647459983825684,Obstacle Avoidance,0,3
MiniGrid-LavaGapS6-v0,7,Qwen/Qwen2.5-3B-Instruct,False,100,0.0,3,0,300,20.640374422073364,Obstacle Avoidance,0,3
MiniGrid-LavaGapS6-v0,8,Qwen/Qwen2.5-3B-Instruct,False,100,0.0,3,0,299,20.532612323760986,Obstacle Avoidance,0,3
MiniGrid-LavaGapS6-v0,9,Qwen/Qwen2.5-3B-Instruct,False,100,0.0,3,0,300,20.75948667526245,Obstacle Avoidance,0,3
MiniGrid-LavaGapS6-v0,0,Qwen/Qwen2.5-3B-Instruct,False,100,0.0,3,1,300,9.85832142829895,Obstacle Avoidance,0,3
MiniGrid-LavaGapS6-v0,1,Qwen/Qwen2.5-3B-Instruct,False,100,0.0,3,1,300,9.65284776687622,Obstacle Avoidance,0,3
MiniGrid-LavaGapS6-v0,2,Qwen/Qwen2.5-3B-Instruct,False,100,0.0,3,1,299,9.466469764709473,Obstacle Avoidance,0,3
MiniGrid-LavaGapS6-v0,3,Qwen/Qwen2.5-3B-Instruct,False,100,0.0,3,1,300,9.577765464782715,Obstacle Avoidance,0,3
MiniGrid-LavaGapS6-v0,4,Qwen/Qwen2.5-3B-Instruct,False,100,0.0,3,1,300,9.649227380752563,Obstacle Avoidance,0,3
MiniGrid-LavaGapS6-v0,5,Qwen/Qwen2.5-3B-Instruct,False,100,0.0,3,1,300,9.726520538330078,Obstacle Avoidance,0,3
MiniGrid-LavaGapS6-v0,6,Qwen/Qwen2.5-3B-Instruct,False,100,0.0,3,1,300,9.756488800048828,Obstacle Avoidance,0,3
MiniGrid-LavaGapS6-v0,7,Qwen/Qwen2.5-3B-Instruct,False,100,0.0,3,1,300,9.561763286590576,Obstacle Avoidance,0,3
MiniGrid-LavaGapS6-v0,8,Qwen/Qwen2.5-3B-Instruct,False,100,0.0,3,1,300,9.46388053894043,Obstacle Avoidance,0,3
MiniGrid-LavaGapS6-v0,9,Qwen/Qwen2.5-3B-Instruct,False,100,0.0,3,1,300,9.416015386581421,Obstacle Avoidance,0,3
MiniGrid-LavaGapS6-v0,0,Qwen/Qwen2.5-3B-Instruct,False,100,0.0,3,2,300,9.450921773910522,Obstacle Avoidance,0,3
MiniGrid-LavaGapS6-v0,1,Qwen/Qwen2.5-3B-Instruct,False,100,0.0,3,2,300,9.50907278060913,Obstacle Avoidance,0,3
MiniGrid-LavaGapS6-v0,2,Qwen/Qwen2.5-3B-Instruct,False,100,0.0,3,2,300,9.560474157333374,Obstacle Avoidance,0,3
MiniGrid-LavaGapS6-v0,3,Qwen/Qwen2.5-3B-Instruct,False,100,0.0,3,2,300,9.473199129104614,Obstacle Avoidance,0,3
MiniGrid-LavaGapS6-v0,4,Qwen/Qwen2.5-3B-Instruct,False,100,0.0,3,2,300,9.687236309051514,Obstacle Avoidance,0,3
MiniGrid-LavaGapS6-v0,5,Qwen/Qwen2.5-3B-Instruct,False,100,0.0,3,2,300,9.468205690383911,Obstacle Avoidance,0,3
MiniGrid-LavaGapS6-v0,6,Qwen/Qwen2.5-3B-Instruct,False,100,0.0,3,2,300,9.476272583007812,Obstacle Avoidance,0,3
MiniGrid-LavaGapS6-v0,7,Qwen/Qwen2.5-3B-Instruct,False,100,0.0,3,2,300,9.527168273925781,Obstacle Avoidance,0,3
MiniGrid-LavaGapS6-v0,8,Qwen/Qwen2.5-3B-Instruct,False,100,0.0,3,2,300,9.431480407714844,Obstacle Avoidance,0,3
MiniGrid-LavaGapS6-v0,9,Qwen/Qwen2.5-3B-Instruct,False,100,0.0,3,2,300,9.496583461761475,Obstacle Avoidance,0,3
MiniGrid-LavaGapS6-v0,0,Qwen/Qwen2.5-3B-Instruct,False,100,0.0,5,0,300,20.337719202041626,Obstacle Avoidance,0,5
MiniGrid-LavaGapS6-v0,1,Qwen/Qwen2.5-3B-Instruct,False,100,0.0,5,0,300,20.250895500183105,Obstacle Avoidance,0,5
MiniGrid-LavaGapS6-v0,2,Qwen/Qwen2.5-3B-Instruct,False,100,0.0,5,0,300,20.47704005241394,Obstacle Avoidance,0,5
MiniGrid-LavaGapS6-v0,3,Qwen/Qwen2.5-3B-Instruct,False,100,0.0,5,0,300,20.476467609405518,Obstacle Avoidance,0,5
MiniGrid-LavaGapS6-v0,4,Qwen/Qwen2.5-3B-Instruct,False,100,0.0,5,0,299,20.40270471572876,Obstacle Avoidance,0,5
MiniGrid-LavaGapS6-v0,5,Qwen/Qwen2.5-3B-Instruct,False,100,0.0,5,0,286,19.877511501312256,Obstacle Avoidance,0,5
MiniGrid-LavaGapS6-v0,6,Qwen/Qwen2.5-3B-Instruct,False,100,0.0,5,0,300,20.4251127243042,Obstacle Avoidance,0,5
MiniGrid-LavaGapS6-v0,7,Qwen/Qwen2.5-3B-Instruct,False,100,0.0,5,0,300,20.417137384414673,Obstacle Avoidance,0,5
MiniGrid-LavaGapS6-v0,8,Qwen/Qwen2.5-3B-Instruct,False,100,0.0,5,0,299,20.324277639389038,Obstacle Avoidance,0,5
MiniGrid-LavaGapS6-v0,9,Qwen/Qwen2.5-3B-Instruct,False,100,0.0,5,0,300,20.520997047424316,Obstacle Avoidance,0,5
MiniGrid-LavaGapS6-v0,0,Qwen/Qwen2.5-3B-Instruct,False,100,0.0,5,1,300,9.596961975097656,Obstacle Avoidance,0,5
MiniGrid-LavaGapS6-v0,1,Qwen/Qwen2.5-3B-Instruct,False,100,0.0,5,1,300,9.654206991195679,Obstacle Avoidance,0,5
MiniGrid-LavaGapS6-v0,2,Qwen/Qwen2.5-3B-Instruct,False,100,0.0,5,1,299,9.440590858459473,Obstacle Avoidance,0,5
MiniGrid-LavaGapS6-v0,3,Qwen/Qwen2.5-3B-Instruct,False,100,0.0,5,1,300,9.483237981796265,Obstacle Avoidance,0,5
MiniGrid-LavaGapS6-v0,4,Qwen/Qwen2.5-3B-Instruct,False,100,0.0,5,1,300,9.433046579360962,Obstacle Avoidance,0,5
MiniGrid-LavaGapS6-v0,5,Qwen/Qwen2.5-3B-Instruct,False,100,0.0,5,1,300,9.604778289794922,Obstacle Avoidance,0,5
MiniGrid-LavaGapS6-v0,6,Qwen/Qwen2.5-3B-Instruct,False,100,0.0,5,1,300,9.449622869491577,Obstacle Avoidance,0,5
MiniGrid-LavaGapS6-v0,7,Qwen/Qwen2.5-3B-Instruct,False,100,0.0,5,1,300,9.560267448425293,Obstacle Avoidance,0,5
MiniGrid-LavaGapS6-v0,8,Qwen/Qwen2.5-3B-Instruct,False,100,0.0,5,1,300,9.441680431365967,Obstacle Avoidance,0,5
MiniGrid-LavaGapS6-v0,9,Qwen/Qwen2.5-3B-Instruct,False,100,0.0,5,1,300,9.537662982940674,Obstacle Avoidance,0,5
MiniGrid-LavaGapS6-v0,0,Qwen/Qwen2.5-3B-Instruct,False,100,0.0,5,2,300,9.563954591751099,Obstacle Avoidance,0,5
MiniGrid-LavaGapS6-v0,1,Qwen/Qwen2.5-3B-Instruct,False,100,0.0,5,2,300,9.63516354560852,Obstacle Avoidance,0,5
MiniGrid-LavaGapS6-v0,2,Qwen/Qwen2.5-3B-Instruct,False,100,0.0,5,2,300,9.524983167648315,Obstacle Avoidance,0,5
MiniGrid-LavaGapS6-v0,3,Qwen/Qwen2.5-3B-Instruct,False,100,0.0,5,2,300,9.72035551071167,Obstacle Avoidance,0,5
MiniGrid-LavaGapS6-v0,4,Qwen/Qwen2.5-3B-Instruct,False,100,0.0,5,2,300,9.832013607025146,Obstacle Avoidance,0,5
MiniGrid-LavaGapS6-v0,5,Qwen/Qwen2.5-3B-Instruct,False,100,0.0,5,2,300,9.81076693534851,Obstacle Avoidance,0,5
MiniGrid-LavaGapS6-v0,6,Qwen/Qwen2.5-3B-Instruct,False,100,0.0,5,2,300,9.514461040496826,Obstacle Avoidance,0,5
MiniGrid-LavaGapS6-v0,7,Qwen/Qwen2.5-3B-Instruct,False,100,0.0,5,2,300,9.49074649810791,Obstacle Avoidance,0,5
MiniGrid-LavaGapS6-v0,8,Qwen/Qwen2.5-3B-Instruct,False,100,0.0,5,2,300,9.715842008590698,Obstacle Avoidance,0,5
MiniGrid-LavaGapS6-v0,9,Qwen/Qwen2.5-3B-Instruct,False,100,0.0,5,2,300,9.62722396850586,Obstacle Avoidance,0,5
MiniGrid-LavaCrossingS9N2-v0,0,Qwen/Qwen2.5-3B-Instruct,False,60,0.0,2,0,163,14.228208303451538,Obstacle Avoidance,0,2
MiniGrid-LavaCrossingS9N2-v0,1,Qwen/Qwen2.5-3B-Instruct,False,100,0.0,2,0,292,37.05591368675232,Obstacle Avoidance,0,2
MiniGrid-LavaCrossingS9N2-v0,2,Qwen/Qwen2.5-3B-Instruct,False,100,0.0,2,0,298,37.1975622177124,Obstacle Avoidance,0,2
MiniGrid-LavaCrossingS9N2-v0,3,Qwen/Qwen2.5-3B-Instruct,False,100,0.0,2,0,295,36.89138889312744,Obstacle Avoidance,0,2
MiniGrid-LavaCrossingS9N2-v0,4,Qwen/Qwen2.5-3B-Instruct,True,24,0.9333333333333333,2,0,59,3.0607364177703857,Obstacle Avoidance,0,2
MiniGrid-LavaCrossingS9N2-v0,5,Qwen/Qwen2.5-3B-Instruct,False,100,0.0,2,0,203,33.979323387145996,Direct Navigation,1,2
MiniGrid-LavaCrossingS9N2-v0,6,Qwen/Qwen2.5-3B-Instruct,False,100,0.0,2,0,244,37.54758310317993,Direct Navigation,1,2
MiniGrid-LavaCrossingS9N2-v0,7,Qwen/Qwen2.5-3B-Instruct,False,100,0.0,2,0,291,36.65797138214111,Direct Navigation,1,2
MiniGrid-LavaCrossingS9N2-v0,8,Qwen/Qwen2.5-3B-Instruct,True,13,0.9638888888888889,2,0,27,1.1355741024017334,Direct Navigation,1,2
MiniGrid-LavaCrossingS9N2-v0,9,Qwen/Qwen2.5-3B-Instruct,False,100,0.0,2,0,215,36.48223614692688,Direct Navigation,1,2
MiniGrid-LavaCrossingS9N2-v0,0,Qwen/Qwen2.5-3B-Instruct,False,100,0.0,2,1,299,9.590166091918945,Obstacle Avoidance,0,2
MiniGrid-LavaCrossingS9N2-v0,1,Qwen/Qwen2.5-3B-Instruct,False,100,0.0,2,1,298,9.396111249923706,Obstacle Avoidance,0,2
MiniGrid-LavaCrossingS9N2-v0,2,Qwen/Qwen2.5-3B-Instruct,False,100,0.0,2,1,299,9.461826801300049,Obstacle Avoidance,0,2
MiniGrid-LavaCrossingS9N2-v0,3,Qwen/Qwen2.5-3B-Instruct,False,100,0.0,2,1,268,8.558244943618774,Obstacle Avoidance,0,2
MiniGrid-LavaCrossingS9N2-v0,4,Qwen/Qwen2.5-3B-Instruct,False,100,0.0,2,1,299,9.654475927352905,Obstacle Avoidance,0,2
MiniGrid-LavaCrossingS9N2-v0,5,Qwen/Qwen2.5-3B-Instruct,False,100,0.0,2,1,299,9.727936506271362,Obstacle Avoidance,0,2
MiniGrid-LavaCrossingS9N2-v0,6,Qwen/Qwen2.5-3B-Instruct,False,100,0.0,2,1,299,9.809987306594849,Obstacle Avoidance,0,2
MiniGrid-LavaCrossingS9N2-v0,7,Qwen/Qwen2.5-3B-Instruct,False,100,0.0,2,1,267,8.627846240997314,Obstacle Avoidance,0,2
MiniGrid-LavaCrossingS9N2-v0,8,Qwen/Qwen2.5-3B-Instruct,False,100,0.0,2,1,297,9.386768579483032,Obstacle Avoidance,0,2
MiniGrid-LavaCrossingS9N2-v0,9,Qwen/Qwen2.5-3B-Instruct,False,100,0.0,2,1,297,9.453851699829102,Obstacle Avoidance,0,2
MiniGrid-LavaCrossingS9N2-v0,0,Qwen/Qwen2.5-3B-Instruct,False,100,0.0,2,2,299,9.509700059890747,Obstacle Avoidance,0,2
MiniGrid-LavaCrossingS9N2-v0,1,Qwen/Qwen2.5-3B-Instruct,False,100,0.0,2,2,297,9.420043706893921,Obstacle Avoidance,0,2
MiniGrid-LavaCrossingS9N2-v0,2,Qwen/Qwen2.5-3B-Instruct,False,100,0.0,2,2,299,9.538904190063477,Obstacle Avoidance,0,2
MiniGrid-LavaCrossingS9N2-v0,3,Qwen/Qwen2.5-3B-Instruct,False,100,0.0,2,2,298,9.42406177520752,Obstacle Avoidance,0,2
MiniGrid-LavaCrossingS9N2-v0,4,Qwen/Qwen2.5-3B-Instruct,False,100,0.0,2,2,268,8.555426120758057,Obstacle Avoidance,0,2
MiniGrid-LavaCrossingS9N2-v0,5,Qwen/Qwen2.5-3B-Instruct,False,100,0.0,2,2,300,9.649417161941528,Obstacle Avoidance,0,2
MiniGrid-LavaCrossingS9N2-v0,6,Qwen/Qwen2.5-3B-Instruct,False,100,0.0,2,2,299,9.828361511230469,Obstacle Avoidance,0,2
MiniGrid-LavaCrossingS9N2-v0,7,Qwen/Qwen2.5-3B-Instruct,False,100,0.0,2,2,266,8.5431489944458,Obstacle Avoidance,0,2
MiniGrid-LavaCrossingS9N2-v0,8,Qwen/Qwen2.5-3B-Instruct,False,100,0.0,2,2,266,8.560863256454468,Obstacle Avoidance,0,2
MiniGrid-LavaCrossingS9N2-v0,9,Qwen/Qwen2.5-3B-Instruct,False,100,0.0,2,2,300,9.816670894622803,Obstacle Avoidance,0,2
MiniGrid-LavaCrossingS9N2-v0,0,Qwen/Qwen2.5-3B-Instruct,False,60,0.0,3,0,163,14.262459993362427,Obstacle Avoidance,0,3
MiniGrid-LavaCrossingS9N2-v0,1,Qwen/Qwen2.5-3B-Instruct,False,100,0.0,3,0,292,37.089367628097534,Obstacle Avoidance,0,3
MiniGrid-LavaCrossingS9N2-v0,2,Qwen/Qwen2.5-3B-Instruct,False,100,0.0,3,0,298,37.48272967338562,Obstacle Avoidance,0,3
MiniGrid-LavaCrossingS9N2-v0,3,Qwen/Qwen2.5-3B-Instruct,False,100,0.0,3,0,295,37.0734748840332,Obstacle Avoidance,0,3
MiniGrid-LavaCrossingS9N2-v0,4,Qwen/Qwen2.5-3B-Instruct,True,24,0.9333333333333333,3,0,59,3.0942280292510986,Obstacle Avoidance,0,3
MiniGrid-LavaCrossingS9N2-v0,5,Qwen/Qwen2.5-3B-Instruct,False,100,0.0,3,0,203,34.554949045181274,Direct Navigation,1,3
MiniGrid-LavaCrossingS9N2-v0,6,Qwen/Qwen2.5-3B-Instruct,False,100,0.0,3,0,235,37.733301877975464,Direct Navigation,1,3
MiniGrid-LavaCrossingS9N2-v0,7,Qwen/Qwen2.5-3B-Instruct,False,100,0.0,3,0,291,37.18298578262329,Direct Navigation,1,3
MiniGrid-LavaCrossingS9N2-v0,8,Qwen/Qwen2.5-3B-Instruct,True,13,0.9638888888888889,3,0,27,1.130906581878662,Direct Navigation,1,3
MiniGrid-LavaCrossingS9N2-v0,9,Qwen/Qwen2.5-3B-Instruct,False,100,0.0,3,0,215,36.914671897888184,Direct Navigation,1,3
MiniGrid-LavaCrossingS9N2-v0,0,Qwen/Qwen2.5-3B-Instruct,False,100,0.0,3,1,299,9.650168657302856,Obstacle Avoidance,0,3
MiniGrid-LavaCrossingS9N2-v0,1,Qwen/Qwen2.5-3B-Instruct,False,100,0.0,3,1,298,9.562082290649414,Obstacle Avoidance,0,3
MiniGrid-LavaCrossingS9N2-v0,2,Qwen/Qwen2.5-3B-Instruct,False,100,0.0,3,1,299,9.506093263626099,Obstacle Avoidance,0,3
MiniGrid-LavaCrossingS9N2-v0,3,Qwen/Qwen2.5-3B-Instruct,False,100,0.0,3,1,268,8.616384744644165,Obstacle Avoidance,0,3
MiniGrid-LavaCrossingS9N2-v0,4,Qwen/Qwen2.5-3B-Instruct,False,100,0.0,3,1,299,9.659345865249634,Obstacle Avoidance,0,3
MiniGrid-LavaCrossingS9N2-v0,5,Qwen/Qwen2.5-3B-Instruct,False,100,0.0,3,1,299,9.44594955444336,Obstacle Avoidance,0,3
MiniGrid-LavaCrossingS9N2-v0,6,Qwen/Qwen2.5-3B-Instruct,False,100,0.0,3,1,299,9.408730745315552,Obstacle Avoidance,0,3
MiniGrid-LavaCrossingS9N2-v0,7,Qwen/Qwen2.5-3B-Instruct,False,100,0.0,3,1,267,8.535323143005371,Obstacle Avoidance,0,3
MiniGrid-LavaCrossingS9N2-v0,8,Qwen/Qwen2.5-3B-Instruct,False,100,0.0,3,1,297,9.38402533531189,Obstacle Avoidance,0,3
MiniGrid-LavaCrossingS9N2-v0,9,Qwen/Qwen2.5-3B-Instruct,False,100,0.0,3,1,297,9.548169374465942,Obstacle Avoidance,0,3
MiniGrid-LavaCrossingS9N2-v0,0,Qwen/Qwen2.5-3B-Instruct,False,100,0.0,3,2,299,9.505475044250488,Obstacle Avoidance,0,3
MiniGrid-LavaCrossingS9N2-v0,1,Qwen/Qwen2.5-3B-Instruct,False,100,0.0,3,2,297,9.499114513397217,Obstacle Avoidance,0,3
MiniGrid-LavaCrossingS9N2-v0,2,Qwen/Qwen2.5-3B-Instruct,False,100,0.0,3,2,299,9.48299765586853,Obstacle Avoidance,0,3
MiniGrid-LavaCrossingS9N2-v0,3,Qwen/Qwen2.5-3B-Instruct,False,100,0.0,3,2,298,9.582420587539673,Obstacle Avoidance,0,3
MiniGrid-LavaCrossingS9N2-v0,4,Qwen/Qwen2.5-3B-Instruct,False,100,0.0,3,2,268,8.659898519515991,Obstacle Avoidance,0,3
MiniGrid-LavaCrossingS9N2-v0,5,Qwen/Qwen2.5-3B-Instruct,False,100,0.0,3,2,300,9.645018815994263,Obstacle Avoidance,0,3
MiniGrid-LavaCrossingS9N2-v0,6,Qwen/Qwen2.5-3B-Instruct,False,100,0.0,3,2,299,9.837685346603394,Obstacle Avoidance,0,3
MiniGrid-LavaCrossingS9N2-v0,7,Qwen/Qwen2.5-3B-Instruct,False,100,0.0,3,2,266,8.520637273788452,Obstacle Avoidance,0,3
MiniGrid-LavaCrossingS9N2-v0,8,Qwen/Qwen2.5-3B-Instruct,False,100,0.0,3,2,266,8.517345190048218,Obstacle Avoidance,0,3
MiniGrid-LavaCrossingS9N2-v0,9,Qwen/Qwen2.5-3B-Instruct,False,100,0.0,3,2,300,9.793905019760132,Obstacle Avoidance,0,3
MiniGrid-LavaCrossingS9N2-v0,0,Qwen/Qwen2.5-3B-Instruct,False,60,0.0,5,0,163,14.21047329902649,Obstacle Avoidance,0,5
MiniGrid-LavaCrossingS9N2-v0,1,Qwen/Qwen2.5-3B-Instruct,False,100,0.0,5,0,292,36.88553524017334,Obstacle Avoidance,0,5
MiniGrid-LavaCrossingS9N2-v0,2,Qwen/Qwen2.5-3B-Instruct,False,100,0.0,5,0,298,37.16990947723389,Obstacle Avoidance,0,5
MiniGrid-LavaCrossingS9N2-v0,3,Qwen/Qwen2.5-3B-Instruct,False,100,0.0,5,0,295,37.015220165252686,Obstacle Avoidance,0,5
MiniGrid-LavaCrossingS9N2-v0,4,Qwen/Qwen2.5-3B-Instruct,True,24,0.9333333333333333,5,0,59,3.0314714908599854,Obstacle Avoidance,0,5
MiniGrid-LavaCrossingS9N2-v0,5,Qwen/Qwen2.5-3B-Instruct,False,100,0.0,5,0,203,34.13398623466492,Direct Navigation,1,5
MiniGrid-LavaCrossingS9N2-v0,6,Qwen/Qwen2.5-3B-Instruct,False,100,0.0,5,0,242,37.76565432548523,Direct Navigation,1,5
MiniGrid-LavaCrossingS9N2-v0,7,Qwen/Qwen2.5-3B-Instruct,False,100,0.0,5,0,257,36.09416151046753,Direct Navigation,1,5
MiniGrid-LavaCrossingS9N2-v0,8,Qwen/Qwen2.5-3B-Instruct,True,13,0.9638888888888889,5,0,27,1.1390974521636963,Direct Navigation,1,5
MiniGrid-LavaCrossingS9N2-v0,9,Qwen/Qwen2.5-3B-Instruct,False,100,0.0,5,0,215,36.77473735809326,Direct Navigation,1,5
MiniGrid-LavaCrossingS9N2-v0,0,Qwen/Qwen2.5-3B-Instruct,False,100,0.0,5,1,299,9.461090326309204,Obstacle Avoidance,0,5
MiniGrid-LavaCrossingS9N2-v0,1,Qwen/Qwen2.5-3B-Instruct,False,100,0.0,5,1,298,9.556548357009888,Obstacle Avoidance,0,5
MiniGrid-LavaCrossingS9N2-v0,2,Qwen/Qwen2.5-3B-Instruct,False,100,0.0,5,1,299,9.516275644302368,Obstacle Avoidance,0,5
MiniGrid-LavaCrossingS9N2-v0,3,Qwen/Qwen2.5-3B-Instruct,False,100,0.0,5,1,268,8.62351131439209,Obstacle Avoidance,0,5
MiniGrid-LavaCrossingS9N2-v0,4,Qwen/Qwen2.5-3B-Instruct,False,100,0.0,5,1,299,9.546980142593384,Obstacle Avoidance,0,5
MiniGrid-LavaCrossingS9N2-v0,5,Qwen/Qwen2.5-3B-Instruct,False,100,0.0,5,1,299,9.600618600845337,Obstacle Avoidance,0,5
MiniGrid-LavaCrossingS9N2-v0,6,Qwen/Qwen2.5-3B-Instruct,False,100,0.0,5,1,299,9.511995077133179,Obstacle Avoidance,0,5
MiniGrid-LavaCrossingS9N2-v0,7,Qwen/Qwen2.5-3B-Instruct,False,100,0.0,5,1,267,8.463427066802979,Obstacle Avoidance,0,5
MiniGrid-LavaCrossingS9N2-v0,8,Qwen/Qwen2.5-3B-Instruct,False,100,0.0,5,1,297,9.494379758834839,Obstacle Avoidance,0,5
MiniGrid-LavaCrossingS9N2-v0,9,Qwen/Qwen2.5-3B-Instruct,False,100,0.0,5,1,297,9.454917430877686,Obstacle Avoidance,0,5
MiniGrid-LavaCrossingS9N2-v0,0,Qwen/Qwen2.5-3B-Instruct,False,100,0.0,5,2,299,9.548297882080078,Obstacle Avoidance,0,5
MiniGrid-LavaCrossingS9N2-v0,1,Qwen/Qwen2.5-3B-Instruct,False,100,0.0,5,2,297,9.478302717208862,Obstacle Avoidance,0,5
MiniGrid-LavaCrossingS9N2-v0,2,Qwen/Qwen2.5-3B-Instruct,False,100,0.0,5,2,299,9.628100872039795,Obstacle Avoidance,0,5
MiniGrid-LavaCrossingS9N2-v0,3,Qwen/Qwen2.5-3B-Instruct,False,100,0.0,5,2,298,9.513875484466553,Obstacle Avoidance,0,5
MiniGrid-LavaCrossingS9N2-v0,4,Qwen/Qwen2.5-3B-Instruct,False,100,0.0,5,2,268,8.59749698638916,Obstacle Avoidance,0,5
MiniGrid-LavaCrossingS9N2-v0,5,Qwen/Qwen2.5-3B-Instruct,False,100,0.0,5,2,300,9.583440780639648,Obstacle Avoidance,0,5
MiniGrid-LavaCrossingS9N2-v0,6,Qwen/Qwen2.5-3B-Instruct,False,100,0.0,5,2,299,9.83301329612732,Obstacle Avoidance,0,5
MiniGrid-LavaCrossingS9N2-v0,7,Qwen/Qwen2.5-3B-Instruct,False,100,0.0,5,2,266,8.482404947280884,Obstacle Avoidance,0,5
MiniGrid-LavaCrossingS9N2-v0,8,Qwen/Qwen2.5-3B-Instruct,False,100,0.0,5,2,266,8.492522478103638,Obstacle Avoidance,0,5
MiniGrid-LavaCrossingS9N2-v0,9,Qwen/Qwen2.5-3B-Instruct,False,100,0.0,5,2,300,9.89595341682434,Obstacle Avoidance,0,5
MiniGrid-Empty-8x8-v0,0,Qwen/Qwen2.5-7B-Instruct,True,13,0.954296875,2,0,29,0.935795783996582,Direct Navigation,0,2
MiniGrid-Empty-8x8-v0,1,Qwen/Qwen2.5-7B-Instruct,True,13,0.954296875,2,0,29,0.8959560394287109,Direct Navigation,1,2
MiniGrid-Empty-8x8-v0,2,Qwen/Qwen2.5-7B-Instruct,True,13,0.954296875,2,0,29,0.8948636054992676,Direct Navigation,1,2
MiniGrid-Empty-8x8-v0,3,Qwen/Qwen2.5-7B-Instruct,True,13,0.954296875,2,0,29,0.8953242301940918,Direct Navigation,1,2
MiniGrid-Empty-8x8-v0,4,Qwen/Qwen2.5-7B-Instruct,True,13,0.954296875,2,0,29,0.8978550434112549,Direct Navigation,1,2
MiniGrid-Empty-8x8-v0,5,Qwen/Qwen2.5-7B-Instruct,True,13,0.954296875,2,0,29,0.8948101997375488,Direct Navigation,1,2
MiniGrid-Empty-8x8-v0,6,Qwen/Qwen2.5-7B-Instruct,True,13,0.954296875,2,0,29,0.8992843627929688,Direct Navigation,1,2
MiniGrid-Empty-8x8-v0,7,Qwen/Qwen2.5-7B-Instruct,True,13,0.954296875,2,0,29,0.8972477912902832,Direct Navigation,1,2
MiniGrid-Empty-8x8-v0,8,Qwen/Qwen2.5-7B-Instruct,True,13,0.954296875,2,0,29,0.8972008228302002,Direct Navigation,1,2
MiniGrid-Empty-8x8-v0,9,Qwen/Qwen2.5-7B-Instruct,True,13,0.954296875,2,0,29,0.8955190181732178,Direct Navigation,1,2
MiniGrid-Empty-8x8-v0,0,Qwen/Qwen2.5-7B-Instruct,True,13,0.954296875,2,1,29,0.7717893123626709,Direct Navigation,0,2
MiniGrid-Empty-8x8-v0,1,Qwen/Qwen2.5-7B-Instruct,True,13,0.954296875,2,1,29,0.7711889743804932,Direct Navigation,1,2
MiniGrid-Empty-8x8-v0,2,Qwen/Qwen2.5-7B-Instruct,True,13,0.954296875,2,1,29,0.7753071784973145,Direct Navigation,1,2
MiniGrid-Empty-8x8-v0,3,Qwen/Qwen2.5-7B-Instruct,True,13,0.954296875,2,1,29,0.7719588279724121,Direct Navigation,1,2
MiniGrid-Empty-8x8-v0,4,Qwen/Qwen2.5-7B-Instruct,True,13,0.954296875,2,1,29,0.7722687721252441,Direct Navigation,1,2
MiniGrid-Empty-8x8-v0,5,Qwen/Qwen2.5-7B-Instruct,True,13,0.954296875,2,1,29,0.7728941440582275,Direct Navigation,1,2
MiniGrid-Empty-8x8-v0,6,Qwen/Qwen2.5-7B-Instruct,True,13,0.954296875,2,1,29,0.7735140323638916,Direct Navigation,1,2
MiniGrid-Empty-8x8-v0,7,Qwen/Qwen2.5-7B-Instruct,True,13,0.954296875,2,1,29,0.7746930122375488,Direct Navigation,1,2
MiniGrid-Empty-8x8-v0,8,Qwen/Qwen2.5-7B-Instruct,True,13,0.954296875,2,1,29,0.7719907760620117,Direct Navigation,1,2
MiniGrid-Empty-8x8-v0,9,Qwen/Qwen2.5-7B-Instruct,True,13,0.954296875,2,1,29,0.7722048759460449,Direct Navigation,1,2
MiniGrid-Empty-8x8-v0,0,Qwen/Qwen2.5-7B-Instruct,False,100,0.0,2,2,228,6.193995952606201,Direct Navigation,0,2
MiniGrid-Empty-8x8-v0,1,Qwen/Qwen2.5-7B-Instruct,False,100,0.0,2,2,228,6.228434324264526,Direct Navigation,0,2
MiniGrid-Empty-8x8-v0,2,Qwen/Qwen2.5-7B-Instruct,False,100,0.0,2,2,228,6.235900640487671,Direct Navigation,0,2
MiniGrid-Empty-8x8-v0,3,Qwen/Qwen2.5-7B-Instruct,False,100,0.0,2,2,228,6.22424054145813,Direct Navigation,0,2
MiniGrid-Empty-8x8-v0,4,Qwen/Qwen2.5-7B-Instruct,False,100,0.0,2,2,228,6.22689962387085,Direct Navigation,0,2
MiniGrid-Empty-8x8-v0,5,Qwen/Qwen2.5-7B-Instruct,False,100,0.0,2,2,228,6.2336201667785645,Direct Navigation,0,2
MiniGrid-Empty-8x8-v0,6,Qwen/Qwen2.5-7B-Instruct,False,100,0.0,2,2,228,6.233314275741577,Direct Navigation,0,2
MiniGrid-Empty-8x8-v0,7,Qwen/Qwen2.5-7B-Instruct,False,100,0.0,2,2,228,6.221138954162598,Direct Navigation,0,2
MiniGrid-Empty-8x8-v0,8,Qwen/Qwen2.5-7B-Instruct,False,100,0.0,2,2,228,6.210959434509277,Direct Navigation,0,2
MiniGrid-Empty-8x8-v0,9,Qwen/Qwen2.5-7B-Instruct,False,100,0.0,2,2,228,6.215905666351318,Direct Navigation,0,2
MiniGrid-Empty-8x8-v0,0,Qwen/Qwen2.5-7B-Instruct,True,13,0.954296875,3,0,29,0.8977375030517578,Direct Navigation,0,3
MiniGrid-Empty-8x8-v0,1,Qwen/Qwen2.5-7B-Instruct,True,13,0.954296875,3,0,29,0.8952422142028809,Direct Navigation,1,3
MiniGrid-Empty-8x8-v0,2,Qwen/Qwen2.5-7B-Instruct,True,13,0.954296875,3,0,29,0.8972861766815186,Direct Navigation,1,3
MiniGrid-Empty-8x8-v0,3,Qwen/Qwen2.5-7B-Instruct,True,13,0.954296875,3,0,29,0.8987138271331787,Direct Navigation,1,3
MiniGrid-Empty-8x8-v0,4,Qwen/Qwen2.5-7B-Instruct,True,13,0.954296875,3,0,29,0.9001100063323975,Direct Navigation,1,3
MiniGrid-Empty-8x8-v0,5,Qwen/Qwen2.5-7B-Instruct,True,13,0.954296875,3,0,29,0.8973350524902344,Direct Navigation,1,3
MiniGrid-Empty-8x8-v0,6,Qwen/Qwen2.5-7B-Instruct,True,13,0.954296875,3,0,29,0.9044599533081055,Direct Navigation,1,3
MiniGrid-Empty-8x8-v0,7,Qwen/Qwen2.5-7B-Instruct,True,13,0.954296875,3,0,29,0.9039068222045898,Direct Navigation,1,3
MiniGrid-Empty-8x8-v0,8,Qwen/Qwen2.5-7B-Instruct,True,13,0.954296875,3,0,29,0.9002940654754639,Direct Navigation,1,3
MiniGrid-Empty-8x8-v0,9,Qwen/Qwen2.5-7B-Instruct,True,13,0.954296875,3,0,29,0.8999154567718506,Direct Navigation,1,3
MiniGrid-Empty-8x8-v0,0,Qwen/Qwen2.5-7B-Instruct,True,13,0.954296875,3,1,29,0.7743232250213623,Direct Navigation,0,3
MiniGrid-Empty-8x8-v0,1,Qwen/Qwen2.5-7B-Instruct,True,13,0.954296875,3,1,29,0.7795021533966064,Direct Navigation,1,3
MiniGrid-Empty-8x8-v0,2,Qwen/Qwen2.5-7B-Instruct,True,13,0.954296875,3,1,29,0.7743022441864014,Direct Navigation,1,3
MiniGrid-Empty-8x8-v0,3,Qwen/Qwen2.5-7B-Instruct,True,13,0.954296875,3,1,29,0.7776000499725342,Direct Navigation,1,3
MiniGrid-Empty-8x8-v0,4,Qwen/Qwen2.5-7B-Instruct,True,13,0.954296875,3,1,29,0.7793970108032227,Direct Navigation,1,3
MiniGrid-Empty-8x8-v0,5,Qwen/Qwen2.5-7B-Instruct,True,13,0.954296875,3,1,29,0.780015230178833,Direct Navigation,1,3
MiniGrid-Empty-8x8-v0,6,Qwen/Qwen2.5-7B-Instruct,True,13,0.954296875,3,1,29,0.7747173309326172,Direct Navigation,1,3
MiniGrid-Empty-8x8-v0,7,Qwen/Qwen2.5-7B-Instruct,True,13,0.954296875,3,1,29,0.7747383117675781,Direct Navigation,1,3
MiniGrid-Empty-8x8-v0,8,Qwen/Qwen2.5-7B-Instruct,True,13,0.954296875,3,1,29,0.7792847156524658,Direct Navigation,1,3
MiniGrid-Empty-8x8-v0,9,Qwen/Qwen2.5-7B-Instruct,True,13,0.954296875,3,1,29,0.7789552211761475,Direct Navigation,1,3
MiniGrid-Empty-8x8-v0,0,Qwen/Qwen2.5-7B-Instruct,False,100,0.0,3,2,228,6.228440999984741,Direct Navigation,0,3
MiniGrid-Empty-8x8-v0,1,Qwen/Qwen2.5-7B-Instruct,False,100,0.0,3,2,228,6.24562668800354,Direct Navigation,0,3
MiniGrid-Empty-8x8-v0,2,Qwen/Qwen2.5-7B-Instruct,False,100,0.0,3,2,228,6.259281396865845,Direct Navigation,0,3
MiniGrid-Empty-8x8-v0,3,Qwen/Qwen2.5-7B-Instruct,False,100,0.0,3,2,228,6.228863954544067,Direct Navigation,0,3
MiniGrid-Empty-8x8-v0,4,Qwen/Qwen2.5-7B-Instruct,False,100,0.0,3,2,228,6.233635902404785,Direct Navigation,0,3
MiniGrid-Empty-8x8-v0,5,Qwen/Qwen2.5-7B-Instruct,False,100,0.0,3,2,228,6.241460800170898,Direct Navigation,0,3
MiniGrid-Empty-8x8-v0,6,Qwen/Qwen2.5-7B-Instruct,False,100,0.0,3,2,228,6.243158340454102,Direct Navigation,0,3
MiniGrid-Empty-8x8-v0,7,Qwen/Qwen2.5-7B-Instruct,False,100,0.0,3,2,228,6.240813493728638,Direct Navigation,0,3
MiniGrid-Empty-8x8-v0,8,Qwen/Qwen2.5-7B-Instruct,False,100,0.0,3,2,228,6.212153673171997,Direct Navigation,0,3
MiniGrid-Empty-8x8-v0,9,Qwen/Qwen2.5-7B-Instruct,False,100,0.0,3,2,228,6.209906816482544,Direct Navigation,0,3
MiniGrid-Empty-8x8-v0,0,Qwen/Qwen2.5-7B-Instruct,True,13,0.954296875,5,0,29,0.8948447704315186,Direct Navigation,0,5
MiniGrid-Empty-8x8-v0,1,Qwen/Qwen2.5-7B-Instruct,True,13,0.954296875,5,0,29,0.8998093605041504,Direct Navigation,1,5
MiniGrid-Empty-8x8-v0,2,Qwen/Qwen2.5-7B-Instruct,True,13,0.954296875,5,0,29,0.8955631256103516,Direct Navigation,1,5
MiniGrid-Empty-8x8-v0,3,Qwen/Qwen2.5-7B-Instruct,True,13,0.954296875,5,0,29,0.9056622982025146,Direct Navigation,1,5
MiniGrid-Empty-8x8-v0,4,Qwen/Qwen2.5-7B-Instruct,True,13,0.954296875,5,0,29,0.8950655460357666,Direct Navigation,1,5
MiniGrid-Empty-8x8-v0,5,Qwen/Qwen2.5-7B-Instruct,True,13,0.954296875,5,0,29,0.9059298038482666,Direct Navigation,1,5
MiniGrid-Empty-8x8-v0,6,Qwen/Qwen2.5-7B-Instruct,True,13,0.954296875,5,0,29,0.9126052856445312,Direct Navigation,1,5
MiniGrid-Empty-8x8-v0,7,Qwen/Qwen2.5-7B-Instruct,True,13,0.954296875,5,0,29,0.8995993137359619,Direct Navigation,1,5
MiniGrid-Empty-8x8-v0,8,Qwen/Qwen2.5-7B-Instruct,True,13,0.954296875,5,0,29,0.9031383991241455,Direct Navigation,1,5
MiniGrid-Empty-8x8-v0,9,Qwen/Qwen2.5-7B-Instruct,True,13,0.954296875,5,0,29,0.898029088973999,Direct Navigation,1,5
MiniGrid-Empty-8x8-v0,0,Qwen/Qwen2.5-7B-Instruct,True,13,0.954296875,5,1,29,0.7743127346038818,Direct Navigation,0,5
MiniGrid-Empty-8x8-v0,1,Qwen/Qwen2.5-7B-Instruct,True,13,0.954296875,5,1,29,0.7785637378692627,Direct Navigation,1,5
MiniGrid-Empty-8x8-v0,2,Qwen/Qwen2.5-7B-Instruct,True,13,0.954296875,5,1,29,0.7722437381744385,Direct Navigation,1,5
MiniGrid-Empty-8x8-v0,3,Qwen/Qwen2.5-7B-Instruct,True,13,0.954296875,5,1,29,0.7743995189666748,Direct Navigation,1,5
MiniGrid-Empty-8x8-v0,4,Qwen/Qwen2.5-7B-Instruct,True,13,0.954296875,5,1,29,0.7824356555938721,Direct Navigation,1,5
MiniGrid-Empty-8x8-v0,5,Qwen/Qwen2.5-7B-Instruct,True,13,0.954296875,5,1,29,0.7798423767089844,Direct Navigation,1,5
MiniGrid-Empty-8x8-v0,6,Qwen/Qwen2.5-7B-Instruct,True,13,0.954296875,5,1,29,0.7945013046264648,Direct Navigation,1,5
MiniGrid-Empty-8x8-v0,7,Qwen/Qwen2.5-7B-Instruct,True,13,0.954296875,5,1,29,0.7748544216156006,Direct Navigation,1,5
MiniGrid-Empty-8x8-v0,8,Qwen/Qwen2.5-7B-Instruct,True,13,0.954296875,5,1,29,0.774738073348999,Direct Navigation,1,5
MiniGrid-Empty-8x8-v0,9,Qwen/Qwen2.5-7B-Instruct,True,13,0.954296875,5,1,29,0.7721023559570312,Direct Navigation,1,5
MiniGrid-Empty-8x8-v0,0,Qwen/Qwen2.5-7B-Instruct,False,100,0.0,5,2,228,6.2220213413238525,Direct Navigation,0,5
MiniGrid-Empty-8x8-v0,1,Qwen/Qwen2.5-7B-Instruct,False,100,0.0,5,2,228,6.247352123260498,Direct Navigation,0,5
MiniGrid-Empty-8x8-v0,2,Qwen/Qwen2.5-7B-Instruct,False,100,0.0,5,2,228,6.257382869720459,Direct Navigation,0,5
MiniGrid-Empty-8x8-v0,3,Qwen/Qwen2.5-7B-Instruct,False,100,0.0,5,2,228,6.20922589302063,Direct Navigation,0,5
MiniGrid-Empty-8x8-v0,4,Qwen/Qwen2.5-7B-Instruct,False,100,0.0,5,2,228,6.219542741775513,Direct Navigation,0,5
MiniGrid-Empty-8x8-v0,5,Qwen/Qwen2.5-7B-Instruct,False,100,0.0,5,2,228,6.230786561965942,Direct Navigation,0,5
MiniGrid-Empty-8x8-v0,6,Qwen/Qwen2.5-7B-Instruct,False,100,0.0,5,2,228,6.256363868713379,Direct Navigation,0,5
MiniGrid-Empty-8x8-v0,7,Qwen/Qwen2.5-7B-Instruct,False,100,0.0,5,2,228,6.252705097198486,Direct Navigation,0,5
MiniGrid-Empty-8x8-v0,8,Qwen/Qwen2.5-7B-Instruct,False,100,0.0,5,2,228,6.275774002075195,Direct Navigation,0,5
MiniGrid-Empty-8x8-v0,9,Qwen/Qwen2.5-7B-Instruct,False,100,0.0,5,2,228,6.269497632980347,Direct Navigation,0,5
MiniGrid-LavaGapS6-v0,0,Qwen/Qwen2.5-7B-Instruct,False,5,0.0,2,0,14,0.41979002952575684,Obstacle Avoidance,0,2
MiniGrid-LavaGapS6-v0,1,Qwen/Qwen2.5-7B-Instruct,False,100,0.0,2,0,299,30.832592725753784,Obstacle Avoidance,0,2
MiniGrid-LavaGapS6-v0,2,Qwen/Qwen2.5-7B-Instruct,False,100,0.0,2,0,297,30.872825622558594,Obstacle Avoidance,0,2
MiniGrid-LavaGapS6-v0,3,Qwen/Qwen2.5-7B-Instruct,False,100,0.0,2,0,299,30.880167961120605,Obstacle Avoidance,0,2
MiniGrid-LavaGapS6-v0,4,Qwen/Qwen2.5-7B-Instruct,False,100,0.0,2,0,297,30.793242931365967,Obstacle Avoidance,0,2
MiniGrid-LavaGapS6-v0,5,Qwen/Qwen2.5-7B-Instruct,False,100,0.0,2,0,296,30.97849726676941,Obstacle Avoidance,0,2
MiniGrid-LavaGapS6-v0,6,Qwen/Qwen2.5-7B-Instruct,False,5,0.0,2,0,14,0.4369521141052246,Obstacle Avoidance,0,2
MiniGrid-LavaGapS6-v0,7,Qwen/Qwen2.5-7B-Instruct,False,5,0.0,2,0,14,0.4268956184387207,Obstacle Avoidance,0,2
MiniGrid-LavaGapS6-v0,8,Qwen/Qwen2.5-7B-Instruct,False,100,0.0,2,0,297,30.86911368370056,Obstacle Avoidance,0,2
MiniGrid-LavaGapS6-v0,9,Qwen/Qwen2.5-7B-Instruct,False,5,0.0,2,0,14,0.4210205078125,Obstacle Avoidance,0,2
MiniGrid-LavaGapS6-v0,0,Qwen/Qwen2.5-7B-Instruct,False,100,0.0,2,1,241,7.38124942779541,Obstacle Avoidance,0,2
MiniGrid-LavaGapS6-v0,1,Qwen/Qwen2.5-7B-Instruct,False,100,0.0,2,1,257,7.728797197341919,Obstacle Avoidance,0,2
MiniGrid-LavaGapS6-v0,2,Qwen/Qwen2.5-7B-Instruct,True,9,0.94375,2,1,21,0.6363325119018555,Obstacle Avoidance,0,2
MiniGrid-LavaGapS6-v0,3,Qwen/Qwen2.5-7B-Instruct,False,100,0.0,2,1,251,7.52994179725647,Direct Navigation,1,2
MiniGrid-LavaGapS6-v0,4,Qwen/Qwen2.5-7B-Instruct,False,100,0.0,2,1,251,7.6157050132751465,Direct Navigation,1,2
MiniGrid-LavaGapS6-v0,5,Qwen/Qwen2.5-7B-Instruct,False,100,0.0,2,1,240,7.320582151412964,Direct Navigation,1,2
MiniGrid-LavaGapS6-v0,6,Qwen/Qwen2.5-7B-Instruct,False,100,0.0,2,1,249,7.540148735046387,Direct Navigation,1,2
MiniGrid-LavaGapS6-v0,7,Qwen/Qwen2.5-7B-Instruct,False,100,0.0,2,1,249,7.552043199539185,Direct Navigation,1,2
MiniGrid-LavaGapS6-v0,8,Qwen/Qwen2.5-7B-Instruct,False,100,0.0,2,1,251,7.5719897747039795,Direct Navigation,1,2
MiniGrid-LavaGapS6-v0,9,Qwen/Qwen2.5-7B-Instruct,False,100,0.0,2,1,251,7.561072587966919,Direct Navigation,1,2
MiniGrid-LavaGapS6-v0,0,Qwen/Qwen2.5-7B-Instruct,False,15,0.0,2,2,42,1.2545897960662842,Obstacle Avoidance,0,2
MiniGrid-LavaGapS6-v0,1,Qwen/Qwen2.5-7B-Instruct,False,100,0.0,2,2,296,8.769483804702759,Obstacle Avoidance,0,2
MiniGrid-LavaGapS6-v0,2,Qwen/Qwen2.5-7B-Instruct,False,100,0.0,2,2,240,7.359098672866821,Obstacle Avoidance,0,2
MiniGrid-LavaGapS6-v0,3,Qwen/Qwen2.5-7B-Instruct,False,100,0.0,2,2,296,8.791974544525146,Obstacle Avoidance,0,2
MiniGrid-LavaGapS6-v0,4,Qwen/Qwen2.5-7B-Instruct,False,100,0.0,2,2,243,7.448240756988525,Obstacle Avoidance,0,2
MiniGrid-LavaGapS6-v0,5,Qwen/Qwen2.5-7B-Instruct,False,100,0.0,2,2,300,8.870705604553223,Obstacle Avoidance,0,2
MiniGrid-LavaGapS6-v0,6,Qwen/Qwen2.5-7B-Instruct,False,100,0.0,2,2,297,8.795419931411743,Obstacle Avoidance,0,2
MiniGrid-LavaGapS6-v0,7,Qwen/Qwen2.5-7B-Instruct,False,100,0.0,2,2,297,8.82054591178894,Obstacle Avoidance,0,2
MiniGrid-LavaGapS6-v0,8,Qwen/Qwen2.5-7B-Instruct,False,100,0.0,2,2,247,7.548821926116943,Obstacle Avoidance,0,2
MiniGrid-LavaGapS6-v0,9,Qwen/Qwen2.5-7B-Instruct,False,100,0.0,2,2,249,7.578310489654541,Obstacle Avoidance,0,2
MiniGrid-LavaGapS6-v0,0,Qwen/Qwen2.5-7B-Instruct,False,5,0.0,3,0,14,0.41770458221435547,Obstacle Avoidance,0,3
MiniGrid-LavaGapS6-v0,1,Qwen/Qwen2.5-7B-Instruct,False,100,0.0,3,0,299,30.811302661895752,Obstacle Avoidance,0,3
MiniGrid-LavaGapS6-v0,2,Qwen/Qwen2.5-7B-Instruct,False,100,0.0,3,0,297,30.777833223342896,Obstacle Avoidance,0,3
MiniGrid-LavaGapS6-v0,3,Qwen/Qwen2.5-7B-Instruct,False,100,0.0,3,0,299,30.852973222732544,Obstacle Avoidance,0,3
MiniGrid-LavaGapS6-v0,4,Qwen/Qwen2.5-7B-Instruct,False,100,0.0,3,0,297,30.829522848129272,Obstacle Avoidance,0,3
MiniGrid-LavaGapS6-v0,5,Qwen/Qwen2.5-7B-Instruct,False,100,0.0,3,0,296,30.91586399078369,Obstacle Avoidance,0,3
MiniGrid-LavaGapS6-v0,6,Qwen/Qwen2.5-7B-Instruct,False,5,0.0,3,0,14,0.42302560806274414,Obstacle Avoidance,0,3
MiniGrid-LavaGapS6-v0,7,Qwen/Qwen2.5-7B-Instruct,False,5,0.0,3,0,14,0.4222531318664551,Obstacle Avoidance,0,3
MiniGrid-LavaGapS6-v0,8,Qwen/Qwen2.5-7B-Instruct,False,100,0.0,3,0,297,30.827216863632202,Obstacle Avoidance,0,3
MiniGrid-LavaGapS6-v0,9,Qwen/Qwen2.5-7B-Instruct,False,5,0.0,3,0,14,0.42236804962158203,Obstacle Avoidance,0,3
MiniGrid-LavaGapS6-v0,0,Qwen/Qwen2.5-7B-Instruct,False,100,0.0,3,1,241,7.328315019607544,Obstacle Avoidance,0,3
MiniGrid-LavaGapS6-v0,1,Qwen/Qwen2.5-7B-Instruct,False,100,0.0,3,1,257,7.766972303390503,Obstacle Avoidance,0,3
MiniGrid-LavaGapS6-v0,2,Qwen/Qwen2.5-7B-Instruct,True,9,0.94375,3,1,21,0.6354315280914307,Obstacle Avoidance,0,3
MiniGrid-LavaGapS6-v0,3,Qwen/Qwen2.5-7B-Instruct,False,100,0.0,3,1,251,7.60628604888916,Direct Navigation,1,3
MiniGrid-LavaGapS6-v0,4,Qwen/Qwen2.5-7B-Instruct,False,100,0.0,3,1,251,7.606775999069214,Direct Navigation,1,3
MiniGrid-LavaGapS6-v0,5,Qwen/Qwen2.5-7B-Instruct,False,100,0.0,3,1,240,7.322255849838257,Direct Navigation,1,3
MiniGrid-LavaGapS6-v0,6,Qwen/Qwen2.5-7B-Instruct,False,100,0.0,3,1,249,7.540585517883301,Direct Navigation,1,3
MiniGrid-LavaGapS6-v0,7,Qwen/Qwen2.5-7B-Instruct,False,100,0.0,3,1,249,7.5732421875,Direct Navigation,1,3
MiniGrid-LavaGapS6-v0,8,Qwen/Qwen2.5-7B-Instruct,False,100,0.0,3,1,251,7.60621976852417,Direct Navigation,1,3
MiniGrid-LavaGapS6-v0,9,Qwen/Qwen2.5-7B-Instruct,False,100,0.0,3,1,251,7.60298490524292,Direct Navigation,1,3
MiniGrid-LavaGapS6-v0,0,Qwen/Qwen2.5-7B-Instruct,False,31,0.0,3,2,78,2.383366346359253,Obstacle Avoidance,0,3
MiniGrid-LavaGapS6-v0,1,Qwen/Qwen2.5-7B-Instruct,False,100,0.0,3,2,296,8.850470542907715,Obstacle Avoidance,0,3
MiniGrid-LavaGapS6-v0,2,Qwen/Qwen2.5-7B-Instruct,False,100,0.0,3,2,240,7.4367005825042725,Obstacle Avoidance,0,3
MiniGrid-LavaGapS6-v0,3,Qwen/Qwen2.5-7B-Instruct,False,100,0.0,3,2,296,8.8500497341156,Obstacle Avoidance,0,3
MiniGrid-LavaGapS6-v0,4,Qwen/Qwen2.5-7B-Instruct,False,100,0.0,3,2,245,7.5343475341796875,Obstacle Avoidance,0,3
MiniGrid-LavaGapS6-v0,5,Qwen/Qwen2.5-7B-Instruct,False,100,0.0,3,2,300,8.914391040802002,Obstacle Avoidance,0,3
MiniGrid-LavaGapS6-v0,6,Qwen/Qwen2.5-7B-Instruct,False,100,0.0,3,2,297,8.865878820419312,Obstacle Avoidance,0,3
MiniGrid-LavaGapS6-v0,7,Qwen/Qwen2.5-7B-Instruct,False,100,0.0,3,2,297,8.872878313064575,Obstacle Avoidance,0,3
MiniGrid-LavaGapS6-v0,8,Qwen/Qwen2.5-7B-Instruct,False,100,0.0,3,2,245,7.548727035522461,Obstacle Avoidance,0,3
MiniGrid-LavaGapS6-v0,9,Qwen/Qwen2.5-7B-Instruct,False,77,0.0,3,2,198,6.039052486419678,Obstacle Avoidance,0,3
MiniGrid-LavaGapS6-v0,0,Qwen/Qwen2.5-7B-Instruct,False,5,0.0,5,0,14,0.42063188552856445,Obstacle Avoidance,0,5
MiniGrid-LavaGapS6-v0,1,Qwen/Qwen2.5-7B-Instruct,False,100,0.0,5,0,299,30.761307954788208,Obstacle Avoidance,0,5
MiniGrid-LavaGapS6-v0,2,Qwen/Qwen2.5-7B-Instruct,False,100,0.0,5,0,297,30.846822500228882,Obstacle Avoidance,0,5
MiniGrid-LavaGapS6-v0,3,Qwen/Qwen2.5-7B-Instruct,False,100,0.0,5,0,299,30.837618112564087,Obstacle Avoidance,0,5
MiniGrid-LavaGapS6-v0,4,Qwen/Qwen2.5-7B-Instruct,False,100,0.0,5,0,297,30.772255897521973,Obstacle Avoidance,0,5
MiniGrid-LavaGapS6-v0,5,Qwen/Qwen2.5-7B-Instruct,False,100,0.0,5,0,269,30.081690549850464,Obstacle Avoidance,0,5
MiniGrid-LavaGapS6-v0,6,Qwen/Qwen2.5-7B-Instruct,False,5,0.0,5,0,14,0.4240548610687256,Obstacle Avoidance,0,5
MiniGrid-LavaGapS6-v0,7,Qwen/Qwen2.5-7B-Instruct,False,5,0.0,5,0,14,0.42302894592285156,Obstacle Avoidance,0,5
MiniGrid-LavaGapS6-v0,8,Qwen/Qwen2.5-7B-Instruct,False,100,0.0,5,0,297,30.785978317260742,Obstacle Avoidance,0,5
MiniGrid-LavaGapS6-v0,9,Qwen/Qwen2.5-7B-Instruct,False,5,0.0,5,0,14,0.42298030853271484,Obstacle Avoidance,0,5
MiniGrid-LavaGapS6-v0,0,Qwen/Qwen2.5-7B-Instruct,False,100,0.0,5,1,241,7.383429050445557,Obstacle Avoidance,0,5
MiniGrid-LavaGapS6-v0,1,Qwen/Qwen2.5-7B-Instruct,False,100,0.0,5,1,257,7.767792701721191,Obstacle Avoidance,0,5
MiniGrid-LavaGapS6-v0,2,Qwen/Qwen2.5-7B-Instruct,True,9,0.94375,5,1,21,0.6363723278045654,Obstacle Avoidance,0,5
MiniGrid-LavaGapS6-v0,3,Qwen/Qwen2.5-7B-Instruct,False,100,0.0,5,1,251,7.622868299484253,Direct Navigation,1,5
MiniGrid-LavaGapS6-v0,4,Qwen/Qwen2.5-7B-Instruct,False,100,0.0,5,1,251,7.570040464401245,Direct Navigation,1,5
MiniGrid-LavaGapS6-v0,5,Qwen/Qwen2.5-7B-Instruct,False,100,0.0,5,1,240,7.289515018463135,Direct Navigation,1,5
MiniGrid-LavaGapS6-v0,6,Qwen/Qwen2.5-7B-Instruct,False,100,0.0,5,1,249,7.536612510681152,Direct Navigation,1,5
MiniGrid-LavaGapS6-v0,7,Qwen/Qwen2.5-7B-Instruct,False,100,0.0,5,1,249,7.582831144332886,Direct Navigation,1,5
MiniGrid-LavaGapS6-v0,8,Qwen/Qwen2.5-7B-Instruct,False,100,0.0,5,1,251,7.608510255813599,Direct Navigation,1,5
MiniGrid-LavaGapS6-v0,9,Qwen/Qwen2.5-7B-Instruct,False,100,0.0,5,1,251,7.610860347747803,Direct Navigation,1,5
MiniGrid-LavaGapS6-v0,0,Qwen/Qwen2.5-7B-Instruct,False,45,0.0,5,2,114,3.4949052333831787,Obstacle Avoidance,0,5
MiniGrid-LavaGapS6-v0,1,Qwen/Qwen2.5-7B-Instruct,False,100,0.0,5,2,296,8.8215012550354,Obstacle Avoidance,0,5
MiniGrid-LavaGapS6-v0,2,Qwen/Qwen2.5-7B-Instruct,False,100,0.0,5,2,240,7.404047727584839,Obstacle Avoidance,0,5
MiniGrid-LavaGapS6-v0,3,Qwen/Qwen2.5-7B-Instruct,False,100,0.0,5,2,296,8.794740915298462,Obstacle Avoidance,0,5
MiniGrid-LavaGapS6-v0,4,Qwen/Qwen2.5-7B-Instruct,False,100,0.0,5,2,245,7.52032470703125,Obstacle Avoidance,0,5
MiniGrid-LavaGapS6-v0,5,Qwen/Qwen2.5-7B-Instruct,False,100,0.0,5,2,300,8.924548625946045,Obstacle Avoidance,0,5
MiniGrid-LavaGapS6-v0,6,Qwen/Qwen2.5-7B-Instruct,False,100,0.0,5,2,297,8.868435859680176,Obstacle Avoidance,0,5
MiniGrid-LavaGapS6-v0,7,Qwen/Qwen2.5-7B-Instruct,False,100,0.0,5,2,297,8.840989828109741,Obstacle Avoidance,0,5
MiniGrid-LavaGapS6-v0,8,Qwen/Qwen2.5-7B-Instruct,False,100,0.0,5,2,245,7.5148820877075195,Obstacle Avoidance,0,5
MiniGrid-LavaGapS6-v0,9,Qwen/Qwen2.5-7B-Instruct,False,15,0.0,5,2,42,1.2543954849243164,Obstacle Avoidance,0,5
MiniGrid-LavaCrossingS9N2-v0,0,Qwen/Qwen2.5-7B-Instruct,False,100,0.0,2,0,258,59.40864610671997,Obstacle Avoidance,0,2
MiniGrid-LavaCrossingS9N2-v0,1,Qwen/Qwen2.5-7B-Instruct,False,100,0.0,2,0,294,60.649858236312866,Obstacle Avoidance,0,2
MiniGrid-LavaCrossingS9N2-v0,2,Qwen/Qwen2.5-7B-Instruct,False,100,0.0,2,0,251,59.40264868736267,Obstacle Avoidance,0,2
MiniGrid-LavaCrossingS9N2-v0,3,Qwen/Qwen2.5-7B-Instruct,False,100,0.0,2,0,292,60.6596245765686,Obstacle Avoidance,0,2
MiniGrid-LavaCrossingS9N2-v0,4,Qwen/Qwen2.5-7B-Instruct,False,100,0.0,2,0,298,60.7834951877594,Obstacle Avoidance,0,2
MiniGrid-LavaCrossingS9N2-v0,5,Qwen/Qwen2.5-7B-Instruct,True,24,0.9333333333333333,2,0,60,4.447533845901489,Obstacle Avoidance,0,2
MiniGrid-LavaCrossingS9N2-v0,6,Qwen/Qwen2.5-7B-Instruct,False,100,0.0,2,0,220,62.64094924926758,Direct Navigation,1,2
MiniGrid-LavaCrossingS9N2-v0,7,Qwen/Qwen2.5-7B-Instruct,False,5,0.0,2,0,10,0.3908867835998535,Direct Navigation,1,2
MiniGrid-LavaCrossingS9N2-v0,8,Qwen/Qwen2.5-7B-Instruct,False,19,0.0,2,0,41,2.8597888946533203,Direct Navigation,1,2
MiniGrid-LavaCrossingS9N2-v0,9,Qwen/Qwen2.5-7B-Instruct,False,100,0.0,2,0,219,62.576186180114746,Direct Navigation,1,2
MiniGrid-LavaCrossingS9N2-v0,0,Qwen/Qwen2.5-7B-Instruct,True,15,0.9583333333333334,2,1,33,1.1234896183013916,Obstacle Avoidance,0,2
MiniGrid-LavaCrossingS9N2-v0,1,Qwen/Qwen2.5-7B-Instruct,False,100,0.0,2,1,234,7.822241544723511,Direct Navigation,1,2
MiniGrid-LavaCrossingS9N2-v0,2,Qwen/Qwen2.5-7B-Instruct,True,13,0.9638888888888889,2,1,27,0.9293103218078613,Direct Navigation,1,2
MiniGrid-LavaCrossingS9N2-v0,3,Qwen/Qwen2.5-7B-Instruct,False,100,0.0,2,1,232,7.80322527885437,Direct Navigation,1,2
MiniGrid-LavaCrossingS9N2-v0,4,Qwen/Qwen2.5-7B-Instruct,False,100,0.0,2,1,250,8.218080043792725,Direct Navigation,1,2
MiniGrid-LavaCrossingS9N2-v0,5,Qwen/Qwen2.5-7B-Instruct,True,14,0.9611111111111111,2,1,30,1.0205926895141602,Direct Navigation,1,2
MiniGrid-LavaCrossingS9N2-v0,6,Qwen/Qwen2.5-7B-Instruct,False,100,0.0,2,1,224,7.776416301727295,Direct Navigation,1,2
MiniGrid-LavaCrossingS9N2-v0,7,Qwen/Qwen2.5-7B-Instruct,False,100,0.0,2,1,224,7.603844165802002,Direct Navigation,1,2
MiniGrid-LavaCrossingS9N2-v0,8,Qwen/Qwen2.5-7B-Instruct,False,100,0.0,2,1,224,7.612877130508423,Direct Navigation,1,2
MiniGrid-LavaCrossingS9N2-v0,9,Qwen/Qwen2.5-7B-Instruct,False,100,0.0,2,1,294,9.726459264755249,Direct Navigation,1,2
MiniGrid-LavaCrossingS9N2-v0,0,Qwen/Qwen2.5-7B-Instruct,False,100,0.0,2,2,248,8.943927526473999,Obstacle Avoidance,0,2
MiniGrid-LavaCrossingS9N2-v0,1,Qwen/Qwen2.5-7B-Instruct,False,100,0.0,2,2,250,8.98324704170227,Obstacle Avoidance,0,2
MiniGrid-LavaCrossingS9N2-v0,2,Qwen/Qwen2.5-7B-Instruct,False,100,0.0,2,2,230,8.45736837387085,Obstacle Avoidance,0,2
MiniGrid-LavaCrossingS9N2-v0,3,Qwen/Qwen2.5-7B-Instruct,False,100,0.0,2,2,233,8.552533388137817,Obstacle Avoidance,0,2
MiniGrid-LavaCrossingS9N2-v0,4,Qwen/Qwen2.5-7B-Instruct,False,100,0.0,2,2,300,10.250507831573486,Obstacle Avoidance,0,2
MiniGrid-LavaCrossingS9N2-v0,5,Qwen/Qwen2.5-7B-Instruct,False,100,0.0,2,2,300,10.319742202758789,Obstacle Avoidance,0,2
MiniGrid-LavaCrossingS9N2-v0,6,Qwen/Qwen2.5-7B-Instruct,False,100,0.0,2,2,246,9.769472122192383,Obstacle Avoidance,0,2
MiniGrid-LavaCrossingS9N2-v0,7,Qwen/Qwen2.5-7B-Instruct,False,100,0.0,2,2,239,8.722959280014038,Obstacle Avoidance,0,2
MiniGrid-LavaCrossingS9N2-v0,8,Qwen/Qwen2.5-7B-Instruct,False,100,0.0,2,2,248,8.965108633041382,Obstacle Avoidance,0,2
MiniGrid-LavaCrossingS9N2-v0,9,Qwen/Qwen2.5-7B-Instruct,False,100,0.0,2,2,293,10.934878587722778,Obstacle Avoidance,0,2
MiniGrid-LavaCrossingS9N2-v0,0,Qwen/Qwen2.5-7B-Instruct,False,100,0.0,3,0,258,59.90097260475159,Obstacle Avoidance,0,3
MiniGrid-LavaCrossingS9N2-v0,1,Qwen/Qwen2.5-7B-Instruct,False,100,0.0,3,0,294,60.92719769477844,Obstacle Avoidance,0,3
MiniGrid-LavaCrossingS9N2-v0,2,Qwen/Qwen2.5-7B-Instruct,False,100,0.0,3,0,251,59.177321672439575,Obstacle Avoidance,0,3
MiniGrid-LavaCrossingS9N2-v0,3,Qwen/Qwen2.5-7B-Instruct,False,100,0.0,3,0,292,60.41557550430298,Obstacle Avoidance,0,3
MiniGrid-LavaCrossingS9N2-v0,4,Qwen/Qwen2.5-7B-Instruct,False,100,0.0,3,0,298,60.78248047828674,Obstacle Avoidance,0,3
MiniGrid-LavaCrossingS9N2-v0,5,Qwen/Qwen2.5-7B-Instruct,True,24,0.9333333333333333,3,0,60,4.42972993850708,Obstacle Avoidance,0,3
MiniGrid-LavaCrossingS9N2-v0,6,Qwen/Qwen2.5-7B-Instruct,False,100,0.0,3,0,220,62.53145384788513,Direct Navigation,1,3
MiniGrid-LavaCrossingS9N2-v0,7,Qwen/Qwen2.5-7B-Instruct,False,5,0.0,3,0,10,0.3956277370452881,Direct Navigation,1,3
MiniGrid-LavaCrossingS9N2-v0,8,Qwen/Qwen2.5-7B-Instruct,False,19,0.0,3,0,41,2.8588521480560303,Direct Navigation,1,3
MiniGrid-LavaCrossingS9N2-v0,9,Qwen/Qwen2.5-7B-Instruct,False,100,0.0,3,0,219,62.544984102249146,Direct Navigation,1,3
MiniGrid-LavaCrossingS9N2-v0,0,Qwen/Qwen2.5-7B-Instruct,True,15,0.9583333333333334,3,1,33,1.1227033138275146,Obstacle Avoidance,0,3
MiniGrid-LavaCrossingS9N2-v0,1,Qwen/Qwen2.5-7B-Instruct,False,100,0.0,3,1,234,7.837642431259155,Direct Navigation,1,3
MiniGrid-LavaCrossingS9N2-v0,2,Qwen/Qwen2.5-7B-Instruct,True,13,0.9638888888888889,3,1,27,0.9321920871734619,Direct Navigation,1,3
MiniGrid-LavaCrossingS9N2-v0,3,Qwen/Qwen2.5-7B-Instruct,False,100,0.0,3,1,232,7.815185546875,Direct Navigation,1,3
MiniGrid-LavaCrossingS9N2-v0,4,Qwen/Qwen2.5-7B-Instruct,False,100,0.0,3,1,250,8.279431343078613,Direct Navigation,1,3
MiniGrid-LavaCrossingS9N2-v0,5,Qwen/Qwen2.5-7B-Instruct,True,14,0.9611111111111111,3,1,30,1.0264639854431152,Direct Navigation,1,3
MiniGrid-LavaCrossingS9N2-v0,6,Qwen/Qwen2.5-7B-Instruct,False,100,0.0,3,1,224,7.795412063598633,Direct Navigation,1,3
MiniGrid-LavaCrossingS9N2-v0,7,Qwen/Qwen2.5-7B-Instruct,False,100,0.0,3,1,224,7.617424249649048,Direct Navigation,1,3
MiniGrid-LavaCrossingS9N2-v0,8,Qwen/Qwen2.5-7B-Instruct,False,100,0.0,3,1,224,7.606854438781738,Direct Navigation,1,3
MiniGrid-LavaCrossingS9N2-v0,9,Qwen/Qwen2.5-7B-Instruct,False,100,0.0,3,1,294,9.764922857284546,Direct Navigation,1,3
MiniGrid-LavaCrossingS9N2-v0,0,Qwen/Qwen2.5-7B-Instruct,False,100,0.0,3,2,248,8.953087568283081,Obstacle Avoidance,0,3
MiniGrid-LavaCrossingS9N2-v0,1,Qwen/Qwen2.5-7B-Instruct,False,100,0.0,3,2,250,8.960942268371582,Obstacle Avoidance,0,3
MiniGrid-LavaCrossingS9N2-v0,2,Qwen/Qwen2.5-7B-Instruct,False,100,0.0,3,2,232,8.503454446792603,Obstacle Avoidance,0,3
MiniGrid-LavaCrossingS9N2-v0,3,Qwen/Qwen2.5-7B-Instruct,False,100,0.0,3,2,233,8.546281576156616,Obstacle Avoidance,0,3
MiniGrid-LavaCrossingS9N2-v0,4,Qwen/Qwen2.5-7B-Instruct,False,100,0.0,3,2,300,10.220860958099365,Obstacle Avoidance,0,3
MiniGrid-LavaCrossingS9N2-v0,5,Qwen/Qwen2.5-7B-Instruct,False,100,0.0,3,2,300,10.213926553726196,Obstacle Avoidance,0,3
MiniGrid-LavaCrossingS9N2-v0,6,Qwen/Qwen2.5-7B-Instruct,False,100,0.0,3,2,246,9.729778289794922,Obstacle Avoidance,0,3
MiniGrid-LavaCrossingS9N2-v0,7,Qwen/Qwen2.5-7B-Instruct,False,100,0.0,3,2,239,8.722153663635254,Obstacle Avoidance,0,3
MiniGrid-LavaCrossingS9N2-v0,8,Qwen/Qwen2.5-7B-Instruct,False,100,0.0,3,2,248,8.930237293243408,Obstacle Avoidance,0,3
MiniGrid-LavaCrossingS9N2-v0,9,Qwen/Qwen2.5-7B-Instruct,False,100,0.0,3,2,293,10.92320728302002,Obstacle Avoidance,0,3
MiniGrid-LavaCrossingS9N2-v0,0,Qwen/Qwen2.5-7B-Instruct,False,100,0.0,5,0,258,59.636372089385986,Obstacle Avoidance,0,5
MiniGrid-LavaCrossingS9N2-v0,1,Qwen/Qwen2.5-7B-Instruct,False,100,0.0,5,0,294,60.765686988830566,Obstacle Avoidance,0,5
MiniGrid-LavaCrossingS9N2-v0,2,Qwen/Qwen2.5-7B-Instruct,False,100,0.0,5,0,251,59.388678312301636,Obstacle Avoidance,0,5
MiniGrid-LavaCrossingS9N2-v0,3,Qwen/Qwen2.5-7B-Instruct,False,100,0.0,5,0,292,60.770922899246216,Obstacle Avoidance,0,5
MiniGrid-LavaCrossingS9N2-v0,4,Qwen/Qwen2.5-7B-Instruct,False,100,0.0,5,0,298,60.855308294296265,Obstacle Avoidance,0,5
MiniGrid-LavaCrossingS9N2-v0,5,Qwen/Qwen2.5-7B-Instruct,True,24,0.9333333333333333,5,0,60,4.474244117736816,Obstacle Avoidance,0,5
MiniGrid-LavaCrossingS9N2-v0,6,Qwen/Qwen2.5-7B-Instruct,False,100,0.0,5,0,224,62.67699193954468,Direct Navigation,1,5
MiniGrid-LavaCrossingS9N2-v0,7,Qwen/Qwen2.5-7B-Instruct,False,5,0.0,5,0,10,0.39529967308044434,Direct Navigation,1,5
MiniGrid-LavaCrossingS9N2-v0,8,Qwen/Qwen2.5-7B-Instruct,False,19,0.0,5,0,41,2.875232458114624,Direct Navigation,1,5
MiniGrid-LavaCrossingS9N2-v0,9,Qwen/Qwen2.5-7B-Instruct,False,100,0.0,5,0,209,62.369465827941895,Direct Navigation,1,5
MiniGrid-LavaCrossingS9N2-v0,0,Qwen/Qwen2.5-7B-Instruct,True,15,0.9583333333333334,5,1,33,1.1300461292266846,Obstacle Avoidance,0,5
MiniGrid-LavaCrossingS9N2-v0,1,Qwen/Qwen2.5-7B-Instruct,False,100,0.0,5,1,234,7.844698429107666,Direct Navigation,1,5
MiniGrid-LavaCrossingS9N2-v0,2,Qwen/Qwen2.5-7B-Instruct,True,13,0.9638888888888889,5,1,27,0.9319272041320801,Direct Navigation,1,5
MiniGrid-LavaCrossingS9N2-v0,3,Qwen/Qwen2.5-7B-Instruct,False,100,0.0,5,1,232,7.773554086685181,Direct Navigation,1,5
MiniGrid-LavaCrossingS9N2-v0,4,Qwen/Qwen2.5-7B-Instruct,False,100,0.0,5,1,250,8.23002004623413,Direct Navigation,1,5
MiniGrid-LavaCrossingS9N2-v0,5,Qwen/Qwen2.5-7B-Instruct,True,14,0.9611111111111111,5,1,30,1.0564758777618408,Direct Navigation,1,5
MiniGrid-LavaCrossingS9N2-v0,6,Qwen/Qwen2.5-7B-Instruct,False,100,0.0,5,1,224,7.888723373413086,Direct Navigation,1,5
MiniGrid-LavaCrossingS9N2-v0,7,Qwen/Qwen2.5-7B-Instruct,False,100,0.0,5,1,224,7.645876407623291,Direct Navigation,1,5
MiniGrid-LavaCrossingS9N2-v0,8,Qwen/Qwen2.5-7B-Instruct,False,100,0.0,5,1,224,7.663335084915161,Direct Navigation,1,5
MiniGrid-LavaCrossingS9N2-v0,9,Qwen/Qwen2.5-7B-Instruct,False,100,0.0,5,1,294,9.81949496269226,Direct Navigation,1,5
MiniGrid-LavaCrossingS9N2-v0,0,Qwen/Qwen2.5-7B-Instruct,False,100,0.0,5,2,248,9.02713918685913,Obstacle Avoidance,0,5
MiniGrid-LavaCrossingS9N2-v0,1,Qwen/Qwen2.5-7B-Instruct,False,100,0.0,5,2,250,9.130094289779663,Obstacle Avoidance,0,5
MiniGrid-LavaCrossingS9N2-v0,2,Qwen/Qwen2.5-7B-Instruct,False,100,0.0,5,2,234,8.69059133529663,Obstacle Avoidance,0,5
MiniGrid-LavaCrossingS9N2-v0,3,Qwen/Qwen2.5-7B-Instruct,False,100,0.0,5,2,233,8.587982177734375,Obstacle Avoidance,0,5
MiniGrid-LavaCrossingS9N2-v0,4,Qwen/Qwen2.5-7B-Instruct,False,100,0.0,5,2,300,10.30867075920105,Obstacle Avoidance,0,5
MiniGrid-LavaCrossingS9N2-v0,5,Qwen/Qwen2.5-7B-Instruct,False,100,0.0,5,2,300,10.27511715888977,Obstacle Avoidance,0,5
MiniGrid-LavaCrossingS9N2-v0,6,Qwen/Qwen2.5-7B-Instruct,False,100,0.0,5,2,245,9.748305797576904,Obstacle Avoidance,0,5
MiniGrid-LavaCrossingS9N2-v0,7,Qwen/Qwen2.5-7B-Instruct,False,100,0.0,5,2,239,8.752249717712402,Obstacle Avoidance,0,5
MiniGrid-LavaCrossingS9N2-v0,8,Qwen/Qwen2.5-7B-Instruct,False,100,0.0,5,2,248,8.938448190689087,Obstacle Avoidance,0,5
MiniGrid-LavaCrossingS9N2-v0,9,Qwen/Qwen2.5-7B-Instruct,False,100,0.0,5,2,293,10.910184860229492,Obstacle Avoidance,0,5
